architecture,query,kind,retrieval_k,context_k,n_relevant,top1_id,top_score,context_recall,context_primary_hit,recall@1,precision@1,ndcg@1,hit@1,primary_hit@1,recall@3,precision@3,ndcg@3,hit@3,primary_hit@3,recall@5,precision@5,ndcg@5,hit@5,primary_hit@5,recall@10,precision@10,ndcg@10,hit@10,primary_hit@10,mrr@10
A. Lexical retrieval (BM25 only),How is type 2 diabetes diagnosed?,direct,20,5,2,DM03,10.532184600830078,0.5,1.0,0.0,0.0,0.0,0.0,0.0,0.5,0.3333333333333333,0.52129602861432,1.0,1.0,0.5,0.2,0.52129602861432,1.0,1.0,0.5,0.1,0.52129602861432,1.0,1.0,0.5
A. Lexical retrieval (BM25 only),What is the first-line medication for type 2 diabetes?,direct,20,5,2,DM04,16.16897201538086,0.5,1.0,0.5,1.0,1.0,1.0,1.0,0.5,0.3333333333333333,0.8262346571285599,1.0,1.0,0.5,0.2,0.8262346571285599,1.0,1.0,0.5,0.1,0.8262346571285599,1.0,1.0,1.0
A. Lexical retrieval (BM25 only),How often should an adult with diabetes have a retinal exam?,direct,20,5,1,DM11,15.54528522491455,1.0,1.0,1.0,1.0,1.0,1.0,1.0,1.0,0.3333333333333333,1.0,1.0,1.0,1.0,0.2,1.0,1.0,1.0,1.0,0.1,1.0,1.0,1.0,1.0
A. Lexical retrieval (BM25 only),What blood pressure range counts as stage 1 hypertension?,direct,20,5,2,HT01,14.822702407836914,1.0,1.0,0.5,1.0,1.0,1.0,1.0,1.0,0.6666666666666666,0.9639404333166532,1.0,1.0,1.0,0.4,0.9639404333166532,1.0,1.0,1.0,0.2,0.9639404333166532,1.0,1.0,1.0
A. Lexical retrieval (BM25 only),Which drug classes are used first-line for high blood pressure?,direct,20,5,5,CV02,10.559059143066406,0.0,0.0,0.0,0.0,0.0,0.0,0.0,0.0,0.0,0.0,0.0,0.0,0.0,0.0,0.0,0.0,0.0,0.4,0.2,0.239828390216166,1.0,1.0,0.16666666666666666
A. Lexical retrieval (BM25 only),What is the preferred long-term controller medication for persistent asthma?,direct,20,5,2,AS02,21.297189712524414,1.0,1.0,0.5,1.0,1.0,1.0,1.0,1.0,0.6666666666666666,1.0,1.0,1.0,1.0,0.4,1.0,1.0,1.0,1.0,0.2,1.0,1.0,1.0,1.0
A. Lexical retrieval (BM25 only),How does an asthma action plan work?,direct,20,5,2,AS07,10.512630462646484,0.5,1.0,0.5,1.0,1.0,1.0,1.0,0.5,0.3333333333333333,0.8262346571285599,1.0,1.0,0.5,0.2,0.8262346571285599,1.0,1.0,0.5,0.1,0.8262346571285599,1.0,1.0,1.0
A. Lexical retrieval (BM25 only),Should antibiotics be prescribed for an upper respiratory infection?,direct,20,5,1,ID01,11.552371978759766,1.0,1.0,1.0,1.0,1.0,1.0,1.0,1.0,0.3333333333333333,1.0,1.0,1.0,1.0,0.2,1.0,1.0,1.0,1.0,0.1,1.0,1.0,1.0,1.0
A. Lexical retrieval (BM25 only),How is uncomplicated cystitis treated in healthy women?,direct,20,5,1,ID05,20.43475341796875,1.0,1.0,1.0,1.0,1.0,1.0,1.0,1.0,0.3333333333333333,1.0,1.0,1.0,1.0,0.2,1.0,1.0,1.0,1.0,0.1,1.0,1.0,1.0,1.0
A. Lexical retrieval (BM25 only),What are the signs of sepsis?,direct,20,5,2,ID10,7.408731460571289,1.0,1.0,0.5,1.0,0.3333333333333333,1.0,0.0,0.5,0.3333333333333333,0.27541155237618664,1.0,0.0,1.0,0.4,0.631251450669265,1.0,1.0,1.0,0.2,0.631251450669265,1.0,1.0,1.0
A. Lexical retrieval (BM25 only),What rectal temperature counts as a fever in an infant under three months?,direct,20,5,1,PF01,21.37843894958496,1.0,1.0,1.0,1.0,1.0,1.0,1.0,1.0,0.3333333333333333,1.0,1.0,1.0,1.0,0.2,1.0,1.0,1.0,1.0,0.1,1.0,1.0,1.0,1.0
A. Lexical retrieval (BM25 only),Which medicines are used to reduce fever in children?,direct,20,5,2,PF03,12.232248306274414,1.0,1.0,0.5,1.0,1.0,1.0,1.0,1.0,0.6666666666666666,1.0,1.0,1.0,1.0,0.4,1.0,1.0,1.0,1.0,0.2,1.0,1.0,1.0,1.0
A. Lexical retrieval (BM25 only),Who should receive an annual influenza vaccine?,direct,20,5,2,VX02,10.884834289550781,1.0,1.0,0.5,1.0,1.0,1.0,1.0,1.0,0.6666666666666666,1.0,1.0,1.0,1.0,0.4,1.0,1.0,1.0,1.0,0.2,1.0,1.0,1.0,1.0
A. Lexical retrieval (BM25 only),What screening questionnaire is used for depression in primary care?,direct,20,5,2,MH01,19.33678436279297,0.5,1.0,0.5,1.0,1.0,1.0,1.0,0.5,0.3333333333333333,0.8262346571285599,1.0,1.0,0.5,0.2,0.8262346571285599,1.0,1.0,0.5,0.1,0.8262346571285599,1.0,1.0,1.0
A. Lexical retrieval (BM25 only),Which tool screens for generalized anxiety symptoms?,direct,20,5,1,MH03,17.899147033691406,1.0,1.0,1.0,1.0,1.0,1.0,1.0,1.0,0.3333333333333333,1.0,1.0,1.0,1.0,0.2,1.0,1.0,1.0,1.0,0.1,1.0,1.0,1.0,1.0
A. Lexical retrieval (BM25 only),How frequently are prenatal visits scheduled in a low-risk pregnancy?,direct,20,5,1,PG01,17.210386276245117,1.0,1.0,1.0,1.0,1.0,1.0,1.0,1.0,0.3333333333333333,1.0,1.0,1.0,1.0,0.2,1.0,1.0,1.0,1.0,0.1,1.0,1.0,1.0,1.0
A. Lexical retrieval (BM25 only),When is screening for gestational diabetes performed?,direct,20,5,2,PG02,18.976001739501953,1.0,1.0,0.5,1.0,1.0,1.0,1.0,1.0,0.6666666666666666,1.0,1.0,1.0,1.0,0.4,1.0,1.0,1.0,1.0,0.2,1.0,1.0,1.0,1.0
A. Lexical retrieval (BM25 only),What does a lipid panel measure?,direct,20,5,1,CV01,11.840105056762695,1.0,1.0,1.0,1.0,1.0,1.0,1.0,1.0,0.3333333333333333,1.0,1.0,1.0,1.0,0.2,1.0,1.0,1.0,1.0,0.1,1.0,1.0,1.0,1.0
A. Lexical retrieval (BM25 only),Which drug class is first-line for lowering LDL cholesterol?,direct,20,5,2,CV02,24.938852310180664,0.5,1.0,0.5,1.0,1.0,1.0,1.0,0.5,0.3333333333333333,0.8262346571285599,1.0,1.0,0.5,0.2,0.8262346571285599,1.0,1.0,1.0,0.2,0.91311732856428,1.0,1.0,1.0
A. Lexical retrieval (BM25 only),How can the public recognize the symptoms of a stroke?,direct,20,5,1,ST01,16.15562629699707,1.0,1.0,1.0,1.0,1.0,1.0,1.0,1.0,0.3333333333333333,1.0,1.0,1.0,1.0,0.2,1.0,1.0,1.0,1.0,0.1,1.0,1.0,1.0,1.0
A. Lexical retrieval (BM25 only),How is chronic kidney disease staged?,direct,20,5,1,KD01,12.578361511230469,1.0,1.0,1.0,1.0,1.0,1.0,1.0,1.0,0.3333333333333333,1.0,1.0,1.0,1.0,0.2,1.0,1.0,1.0,1.0,0.1,1.0,1.0,1.0,1.0
A. Lexical retrieval (BM25 only),Which blood test screens for an underactive thyroid?,direct,20,5,2,MH03,5.529201984405518,0.5,0.0,0.0,0.0,0.0,0.0,0.0,0.5,0.3333333333333333,0.17376534287144002,1.0,0.0,0.5,0.2,0.17376534287144002,1.0,0.0,0.5,0.1,0.17376534287144002,1.0,0.0,0.5
A. Lexical retrieval (BM25 only),How much aerobic physical activity is recommended for adults each week?,direct,20,5,2,LS03,15.247992515563965,1.0,1.0,0.5,1.0,0.3333333333333333,1.0,0.0,1.0,0.6666666666666666,0.7967075809905066,1.0,1.0,1.0,0.4,0.7967075809905066,1.0,1.0,1.0,0.2,0.7967075809905066,1.0,1.0,1.0
A. Lexical retrieval (BM25 only),Does counseling combined with medication improve smoking cessation rates?,direct,20,5,1,LS04,8.516526222229004,1.0,1.0,1.0,1.0,1.0,1.0,1.0,1.0,0.3333333333333333,1.0,1.0,1.0,1.0,0.2,1.0,1.0,1.0,1.0,0.1,1.0,1.0,1.0,1.0
A. Lexical retrieval (BM25 only),What is the recommended time window for intravenous thrombolysis in ischemic stroke?,direct,20,5,2,ST02,19.146902084350586,0.5,1.0,0.5,1.0,1.0,1.0,1.0,0.5,0.3333333333333333,0.8262346571285599,1.0,1.0,0.5,0.2,0.8262346571285599,1.0,1.0,0.5,0.1,0.8262346571285599,1.0,1.0,1.0
A. Lexical retrieval (BM25 only),How is severe hypoglycemia with loss of consciousness treated?,direct,20,5,2,DM10,17.529132843017578,1.0,1.0,0.5,1.0,1.0,1.0,1.0,1.0,0.6666666666666666,0.9639404333166532,1.0,1.0,1.0,0.4,0.9639404333166532,1.0,1.0,1.0,0.2,0.9639404333166532,1.0,1.0,1.0
A. Lexical retrieval (BM25 only),What is resistant hypertension and how is it evaluated?,direct,20,5,1,HT13,7.191340446472168,1.0,1.0,1.0,1.0,1.0,1.0,1.0,1.0,0.3333333333333333,1.0,1.0,1.0,1.0,0.2,1.0,1.0,1.0,1.0,0.1,1.0,1.0,1.0,1.0
A. Lexical retrieval (BM25 only),How is a severe asthma exacerbation managed?,direct,20,5,1,AS10,9.796035766601562,1.0,1.0,1.0,1.0,1.0,1.0,1.0,1.0,0.3333333333333333,1.0,1.0,1.0,1.0,0.2,1.0,1.0,1.0,1.0,0.1,1.0,1.0,1.0,1.0
A. Lexical retrieval (BM25 only),What are the four foundational drug classes for heart failure with reduced ejection fraction?,direct,20,5,2,CV11,31.33401870727539,1.0,1.0,0.5,1.0,1.0,1.0,1.0,1.0,0.6666666666666666,1.0,1.0,1.0,1.0,0.4,1.0,1.0,1.0,1.0,0.2,1.0,1.0,1.0,1.0
A. Lexical retrieval (BM25 only),When should dialysis be started in chronic kidney disease?,direct,20,5,1,KD03,16.123905181884766,1.0,1.0,0.0,0.0,0.0,0.0,0.0,1.0,0.3333333333333333,0.6309297535714574,1.0,1.0,1.0,0.2,0.6309297535714574,1.0,1.0,1.0,0.1,0.6309297535714574,1.0,1.0,0.5
A. Lexical retrieval (BM25 only),My sugar levels run high in the morning even before I eat anything. What test confirms it?,paraphrase,20,5,2,ST04,7.332339763641357,0.0,0.0,0.0,0.0,0.0,0.0,0.0,0.0,0.0,0.0,0.0,0.0,0.0,0.0,0.0,0.0,0.0,0.0,0.0,0.0,0.0,0.0,0.0
A. Lexical retrieval (BM25 only),What is the rule for treating a low sugar episode with juice?,paraphrase,20,5,2,DM09,10.406851768493652,0.5,1.0,0.5,1.0,1.0,1.0,1.0,0.5,0.3333333333333333,0.8262346571285599,1.0,1.0,0.5,0.2,0.8262346571285599,1.0,1.0,0.5,0.1,0.8262346571285599,1.0,1.0,1.0
A. Lexical retrieval (BM25 only),Which water pill is used to bring blood pressure down?,paraphrase,20,5,1,HT06,10.081377983093262,1.0,1.0,1.0,1.0,1.0,1.0,1.0,1.0,0.3333333333333333,1.0,1.0,1.0,1.0,0.2,1.0,1.0,1.0,1.0,0.1,1.0,1.0,1.0,1.0
A. Lexical retrieval (BM25 only),My blood pressure tablet gives me a constant dry tickly cough. What can I switch to?,paraphrase,20,5,2,HT07,17.911012649536133,1.0,1.0,0.5,1.0,1.0,1.0,1.0,1.0,0.6666666666666666,1.0,1.0,1.0,1.0,0.4,1.0,1.0,1.0,1.0,0.2,1.0,1.0,1.0,1.0
A. Lexical retrieval (BM25 only),Why do my ankles swell up since starting the pill for my blood pressure?,paraphrase,20,5,1,HT14,8.190115928649902,0.0,0.0,0.0,0.0,0.0,0.0,0.0,0.0,0.0,0.0,0.0,0.0,0.0,0.0,0.0,0.0,0.0,0.0,0.0,0.0,0.0,0.0,0.0
A. Lexical retrieval (BM25 only),Which puffer do I grab when I suddenly cannot catch my breath?,paraphrase,20,5,2,HT07,8.51223087310791,1.0,1.0,0.0,0.0,0.0,0.0,0.0,0.0,0.0,0.0,0.0,0.0,1.0,0.4,0.4382444959756785,1.0,1.0,1.0,0.2,0.4382444959756785,1.0,1.0,0.25
A. Lexical retrieval (BM25 only),Is there a plastic tube thing that helps the medicine get into the lungs properly?,paraphrase,20,5,1,CV01,6.991695880889893,0.0,0.0,0.0,0.0,0.0,0.0,0.0,0.0,0.0,0.0,0.0,0.0,0.0,0.0,0.0,0.0,0.0,0.0,0.0,0.0,0.0,0.0,0.0
A. Lexical retrieval (BM25 only),I get wheezy whenever I go running. What do I take beforehand?,paraphrase,20,5,2,HT07,12.768345832824707,0.0,0.0,0.0,0.0,0.0,0.0,0.0,0.0,0.0,0.0,0.0,0.0,0.0,0.0,0.0,0.0,0.0,0.0,0.0,0.0,0.0,0.0,0.0
A. Lexical retrieval (BM25 only),Should I keep taking the pills after the infection feels better?,paraphrase,20,5,2,HT06,9.054924964904785,0.0,0.0,0.0,0.0,0.0,0.0,0.0,0.0,0.0,0.0,0.0,0.0,0.0,0.0,0.0,0.0,0.0,0.0,0.0,0.0,0.0,0.0,0.0
A. Lexical retrieval (BM25 only),I got terrible watery diarrhea a couple of weeks after taking antibiotics.,paraphrase,20,5,1,ID12,13.37239933013916,1.0,1.0,1.0,1.0,1.0,1.0,1.0,1.0,0.3333333333333333,1.0,1.0,1.0,1.0,0.2,1.0,1.0,1.0,1.0,0.1,1.0,1.0,1.0,1.0
A. Lexical retrieval (BM25 only),Is the baby aspirin worth taking to prevent a first heart attack if I am healthy?,paraphrase,20,5,2,CV02,10.758113861083984,0.0,0.0,0.0,0.0,0.0,0.0,0.0,0.0,0.0,0.0,0.0,0.0,0.0,0.0,0.0,0.0,0.0,0.5,0.1,0.2388353776606868,1.0,1.0,0.1
A. Lexical retrieval (BM25 only),I need a blood thinner because my heart beats irregularly. Which kind?,paraphrase,20,5,1,HT07,7.417612552642822,0.0,0.0,0.0,0.0,0.0,0.0,0.0,0.0,0.0,0.0,0.0,0.0,0.0,0.0,0.0,0.0,0.0,0.0,0.0,0.0,0.0,0.0,0.0
A. Lexical retrieval (BM25 only),My legs ache since I started the cholesterol tablet. Do I have to stop it?,paraphrase,20,5,1,HT07,9.772587776184082,0.0,0.0,0.0,0.0,0.0,0.0,0.0,0.0,0.0,0.0,0.0,0.0,0.0,0.0,0.0,0.0,0.0,0.0,0.0,0.0,0.0,0.0,0.0
A. Lexical retrieval (BM25 only),"I am always cold, tired, and constipated and my skin is dry. What should be checked?",paraphrase,20,5,1,TH01,13.523445129394531,1.0,1.0,1.0,1.0,1.0,1.0,1.0,1.0,0.3333333333333333,1.0,1.0,1.0,1.0,0.2,1.0,1.0,1.0,1.0,0.1,1.0,1.0,1.0,1.0
A. Lexical retrieval (BM25 only),How long after changing my thyroid tablet dose should the blood test be repeated?,paraphrase,20,5,1,HT06,9.282793998718262,1.0,1.0,0.0,0.0,0.0,0.0,0.0,1.0,0.3333333333333333,0.5,1.0,1.0,1.0,0.2,0.5,1.0,1.0,1.0,0.1,0.5,1.0,1.0,0.3333333333333333
A. Lexical retrieval (BM25 only),Weakness on one side of the face and slurred words came on suddenly. What do I do?,paraphrase,20,5,2,ST01,10.498884201049805,0.5,1.0,0.5,1.0,1.0,1.0,1.0,0.5,0.3333333333333333,0.8262346571285599,1.0,1.0,0.5,0.2,0.8262346571285599,1.0,1.0,0.5,0.1,0.8262346571285599,1.0,1.0,1.0
A. Lexical retrieval (BM25 only),"The symptoms went away completely after half an hour, so is it still worth being seen?",paraphrase,20,5,1,ST04,14.447339057922363,1.0,1.0,1.0,1.0,1.0,1.0,1.0,1.0,0.3333333333333333,1.0,1.0,1.0,1.0,0.2,1.0,1.0,1.0,1.0,0.1,1.0,1.0,1.0,1.0
A. Lexical retrieval (BM25 only),How much salt is too much if my pressure is up?,paraphrase,20,5,2,HT04,6.401877403259277,0.5,1.0,0.0,0.0,0.0,0.0,0.0,0.0,0.0,0.0,0.0,0.0,0.5,0.2,0.26406812257259094,1.0,1.0,0.5,0.1,0.26406812257259094,1.0,1.0,0.25
A. Lexical retrieval (BM25 only),Do I need to lose all the extra weight to get any benefit?,paraphrase,20,5,1,HT07,6.776828765869141,1.0,1.0,0.0,0.0,0.0,0.0,0.0,0.0,0.0,0.0,0.0,0.0,1.0,0.2,0.38685280723454163,1.0,1.0,1.0,0.1,0.38685280723454163,1.0,1.0,0.2
A. Lexical retrieval (BM25 only),My toddler is burning up but is playing happily. How worried should I be?,paraphrase,20,5,2,HT07,10.861218452453613,0.0,0.0,0.0,0.0,0.0,0.0,0.0,0.0,0.0,0.0,0.0,0.0,0.0,0.0,0.0,0.0,0.0,0.0,0.0,0.0,0.0,0.0,0.0
A. Lexical retrieval (BM25 only),The baby got a temperature the day after her shots. Is that expected?,paraphrase,20,5,2,MH09,6.758702278137207,0.0,0.0,0.0,0.0,0.0,0.0,0.0,0.0,0.0,0.0,0.0,0.0,0.0,0.0,0.0,0.0,0.0,0.5,0.1,0.17723928678404774,1.0,1.0,0.1
A. Lexical retrieval (BM25 only),My child missed several vaccine doses. Do we have to start the whole series again?,paraphrase,20,5,1,VX03,18.49043846130371,1.0,1.0,1.0,1.0,1.0,1.0,1.0,1.0,0.3333333333333333,1.0,1.0,1.0,1.0,0.2,1.0,1.0,1.0,1.0,0.1,1.0,1.0,1.0,1.0
A. Lexical retrieval (BM25 only),What vitamin should I take before trying to conceive to protect the baby's spine?,paraphrase,20,5,1,VX08,11.607718467712402,0.0,0.0,0.0,0.0,0.0,0.0,0.0,0.0,0.0,0.0,0.0,0.0,0.0,0.0,0.0,0.0,0.0,1.0,0.1,0.3333333333333333,1.0,1.0,0.14285714285714285
A. Lexical retrieval (BM25 only),I am short of breath lying flat and my ankles are swollen in the evening.,paraphrase,20,5,2,CV10,8.497126579284668,0.5,1.0,0.5,1.0,1.0,1.0,1.0,0.5,0.3333333333333333,0.8262346571285599,1.0,1.0,0.5,0.2,0.8262346571285599,1.0,1.0,0.5,0.1,0.8262346571285599,1.0,1.0,1.0
A. Lexical retrieval (BM25 only),Are painkillers like ibuprofen safe if my kidney function is reduced?,paraphrase,20,5,1,DM08,10.515240669250488,0.0,0.0,0.0,0.0,0.0,0.0,0.0,0.0,0.0,0.0,0.0,0.0,0.0,0.0,0.0,0.0,0.0,0.0,0.0,0.0,0.0,0.0,0.0
A. Lexical retrieval (BM25 only),What is first-line treatment for type 1 diabetes?,distractor,20,5,2,DM05,15.822002410888672,1.0,1.0,0.5,1.0,1.0,1.0,1.0,1.0,0.6666666666666666,0.9639404333166532,1.0,1.0,1.0,0.4,0.9639404333166532,1.0,1.0,1.0,0.2,0.9639404333166532,1.0,1.0,1.0
A. Lexical retrieval (BM25 only),What should be added when metformin alone is not enough?,distractor,20,5,2,DM06,12.914148330688477,0.5,1.0,0.5,1.0,1.0,1.0,1.0,0.5,0.3333333333333333,0.8262346571285599,1.0,1.0,0.5,0.2,0.8262346571285599,1.0,1.0,0.5,0.1,0.8262346571285599,1.0,1.0,1.0
A. Lexical retrieval (BM25 only),Which glucose-lowering drug is preferred during pregnancy?,distractor,20,5,2,DM07,13.150386810302734,0.5,1.0,0.5,1.0,1.0,1.0,1.0,0.5,0.3333333333333333,0.8262346571285599,1.0,1.0,0.5,0.2,0.8262346571285599,1.0,1.0,1.0,0.2,0.9180385079206221,1.0,1.0,1.0
A. Lexical retrieval (BM25 only),Which blood pressure medications must be stopped in pregnancy?,distractor,20,5,1,HT08,6.943244934082031,0.0,0.0,0.0,0.0,0.0,0.0,0.0,0.0,0.0,0.0,0.0,0.0,0.0,0.0,0.0,0.0,0.0,0.0,0.0,0.0,0.0,0.0,0.0
A. Lexical retrieval (BM25 only),Is a reading over 180/120 with chest pain an emergency or an urgency?,distractor,20,5,2,HT03,20.385656356811523,0.5,1.0,0.5,1.0,1.0,1.0,1.0,0.5,0.3333333333333333,0.8262346571285599,1.0,1.0,0.5,0.2,0.8262346571285599,1.0,1.0,0.5,0.1,0.8262346571285599,1.0,1.0,1.0
A. Lexical retrieval (BM25 only),Can a long-acting beta agonist be used on its own for asthma?,distractor,20,5,2,AS04,23.43903923034668,0.5,1.0,0.5,1.0,1.0,1.0,1.0,0.5,0.3333333333333333,0.8262346571285599,1.0,1.0,0.5,0.2,0.8262346571285599,1.0,1.0,1.0,0.2,0.9180385079206221,1.0,1.0,1.0
A. Lexical retrieval (BM25 only),How do I tell whether persistent breathlessness is COPD rather than asthma?,distractor,20,5,2,AS02,9.436728477478027,0.5,1.0,0.0,0.0,0.0,0.0,0.0,0.5,0.3333333333333333,0.41311732856427996,1.0,1.0,0.5,0.2,0.41311732856427996,1.0,1.0,1.0,0.2,0.5112209029332552,1.0,1.0,0.3333333333333333
A. Lexical retrieval (BM25 only),Should bacteria found in the urine of a patient with no symptoms be treated?,distractor,20,5,2,ID07,19.878000259399414,0.5,1.0,0.5,1.0,1.0,1.0,1.0,0.5,0.3333333333333333,0.8262346571285599,1.0,1.0,0.5,0.2,0.8262346571285599,1.0,1.0,0.5,0.1,0.8262346571285599,1.0,1.0,1.0
A. Lexical retrieval (BM25 only),How does kidney infection with flank pain and fever differ from a simple bladder infection?,distractor,20,5,2,ID06,16.823688507080078,0.5,1.0,0.5,1.0,1.0,1.0,1.0,0.5,0.3333333333333333,0.8262346571285599,1.0,1.0,0.5,0.2,0.8262346571285599,1.0,1.0,0.5,0.1,0.8262346571285599,1.0,1.0,1.0
A. Lexical retrieval (BM25 only),Does a sore throat need a swab before antibiotics are given?,distractor,20,5,2,ID10,9.545257568359375,0.0,0.0,0.0,0.0,0.0,0.0,0.0,0.0,0.0,0.0,0.0,0.0,0.0,0.0,0.0,0.0,0.0,0.0,0.0,0.0,0.0,0.0,0.0
A. Lexical retrieval (BM25 only),Why is aspirin avoided for fever in children?,distractor,20,5,2,PF04,16.66384506225586,1.0,1.0,0.5,1.0,1.0,1.0,1.0,1.0,0.6666666666666666,1.0,1.0,1.0,1.0,0.4,1.0,1.0,1.0,1.0,0.2,1.0,1.0,1.0,1.0
A. Lexical retrieval (BM25 only),Which vaccines cannot be given to someone who is immunocompromised?,distractor,20,5,2,VX05,10.510477066040039,0.5,1.0,0.5,1.0,1.0,1.0,1.0,0.5,0.3333333333333333,0.8262346571285599,1.0,1.0,0.5,0.2,0.8262346571285599,1.0,1.0,0.5,0.1,0.8262346571285599,1.0,1.0,1.0
A. Lexical retrieval (BM25 only),What comes after a positive two-question depression pre-screen?,distractor,20,5,2,MH02,13.446967124938965,1.0,1.0,0.5,1.0,1.0,1.0,1.0,0.5,0.3333333333333333,0.6131471927654584,1.0,1.0,1.0,0.4,0.8772153153380493,1.0,1.0,1.0,0.2,0.8772153153380493,1.0,1.0,1.0
A. Lexical retrieval (BM25 only),What must be ruled out before starting an antidepressant?,distractor,20,5,2,MH07,14.216254234313965,0.5,1.0,0.5,1.0,1.0,1.0,1.0,0.5,0.3333333333333333,0.8262346571285599,1.0,1.0,0.5,0.2,0.8262346571285599,1.0,1.0,0.5,0.1,0.8262346571285599,1.0,1.0,1.0
A. Lexical retrieval (BM25 only),Which depression screening tool is designed for use around childbirth?,distractor,20,5,2,MH09,6.283123016357422,0.5,1.0,0.5,1.0,1.0,1.0,1.0,0.5,0.3333333333333333,0.8262346571285599,1.0,1.0,0.5,0.2,0.8262346571285599,1.0,1.0,1.0,0.2,0.9091417955461737,1.0,1.0,1.0
A. Lexical retrieval (BM25 only),Is exertional chest discomfort relieved by rest an acute coronary syndrome?,distractor,20,5,2,CV07,38.63888931274414,0.5,1.0,0.5,1.0,1.0,1.0,1.0,0.5,0.3333333333333333,0.8262346571285599,1.0,1.0,0.5,0.2,0.8262346571285599,1.0,1.0,0.5,0.1,0.8262346571285599,1.0,1.0,1.0
A. Lexical retrieval (BM25 only),What is added when a maximum-dose statin still leaves LDL too high?,distractor,20,5,2,CV04,23.12759780883789,0.5,1.0,0.5,1.0,1.0,1.0,1.0,0.5,0.3333333333333333,0.8262346571285599,1.0,1.0,0.5,0.2,0.8262346571285599,1.0,1.0,1.0,0.2,0.9180385079206221,1.0,1.0,1.0
A. Lexical retrieval (BM25 only),Is a rise in creatinine after starting an ACE inhibitor a reason to stop it?,distractor,20,5,2,KD02,26.992393493652344,1.0,1.0,0.5,1.0,1.0,1.0,1.0,1.0,0.6666666666666666,1.0,1.0,1.0,1.0,0.4,1.0,1.0,1.0,1.0,0.2,1.0,1.0,1.0,1.0
A. Lexical retrieval (BM25 only),When is treatment indicated for a raised TSH with a normal free T4?,distractor,20,5,2,TH05,25.872385025024414,1.0,1.0,0.5,1.0,1.0,1.0,1.0,1.0,0.6666666666666666,1.0,1.0,1.0,1.0,0.4,1.0,1.0,1.0,1.0,0.2,1.0,1.0,1.0,1.0
A. Lexical retrieval (BM25 only),Which beta blocker situations still justify their use in hypertension?,distractor,20,5,1,HT14,6.383133411407471,1.0,1.0,0.0,0.0,0.0,0.0,0.0,1.0,0.3333333333333333,0.5,1.0,1.0,1.0,0.2,0.5,1.0,1.0,1.0,0.1,0.5,1.0,1.0,0.3333333333333333
A. Lexical retrieval (BM25 only),What lifestyle changes lower blood pressure?,multi_doc,20,5,7,DM04,8.555703163146973,0.14285714285714285,1.0,0.0,0.0,0.0,0.0,0.0,0.0,0.0,0.0,0.0,0.0,0.14285714285714285,0.2,0.1791917585385473,1.0,1.0,0.2857142857142857,0.2,0.2034839509417704,1.0,1.0,0.25
A. Lexical retrieval (BM25 only),Why does uncontrolled high blood pressure matter if I feel fine?,multi_doc,20,5,4,HT07,8.670432090759277,0.5,1.0,0.0,0.0,0.0,0.0,0.0,0.5,0.6666666666666666,0.5158474921363962,1.0,1.0,0.5,0.4,0.4671445995090871,1.0,1.0,0.5,0.2,0.4671445995090871,1.0,1.0,0.5
A. Lexical retrieval (BM25 only),What is the full set of routine annual screenings for a patient with diabetes?,multi_doc,20,5,4,VX02,7.770073890686035,0.0,0.0,0.0,0.0,0.0,0.0,0.0,0.0,0.0,0.0,0.0,0.0,0.0,0.0,0.0,0.0,0.0,0.0,0.0,0.0,0.0,0.0,0.0
A. Lexical retrieval (BM25 only),How should a patient who screens positive for suicidal thoughts be handled?,multi_doc,20,5,2,AS06,8.309380531311035,0.5,1.0,0.0,0.0,0.0,0.0,0.0,0.5,0.3333333333333333,0.52129602861432,1.0,1.0,0.5,0.2,0.52129602861432,1.0,1.0,0.5,0.1,0.52129602861432,1.0,1.0,0.5
A. Lexical retrieval (BM25 only),What should be done in the first hour for a patient with suspected sepsis?,multi_doc,20,5,2,ID10,18.064523696899414,1.0,1.0,0.5,1.0,1.0,1.0,1.0,1.0,0.6666666666666666,1.0,1.0,1.0,1.0,0.4,1.0,1.0,1.0,1.0,0.2,1.0,1.0,1.0,1.0
A. Lexical retrieval (BM25 only),Which vaccines are recommended during pregnancy?,multi_doc,20,5,3,VX05,11.44189739227295,0.6666666666666666,1.0,0.3333333333333333,1.0,0.3333333333333333,1.0,0.0,0.3333333333333333,0.3333333333333333,0.24207625393180188,1.0,0.0,0.6666666666666666,0.4,0.5548459574357494,1.0,1.0,0.6666666666666666,0.2,0.5548459574357494,1.0,1.0,1.0
A. Lexical retrieval (BM25 only),What are the danger signs in pregnancy and what condition do they suggest?,multi_doc,20,5,2,PG07,10.602422714233398,0.0,0.0,0.0,0.0,0.0,0.0,0.0,0.0,0.0,0.0,0.0,0.0,0.0,0.0,0.0,0.0,0.0,0.0,0.0,0.0,0.0,0.0,0.0
A. Lexical retrieval (BM25 only),How is stroke risk reduced after someone has already had one?,multi_doc,20,5,4,KD06,6.946334362030029,0.25,0.0,0.0,0.0,0.0,0.0,0.0,0.25,0.3333333333333333,0.12103812696590094,1.0,0.0,0.25,0.2,0.10961051126301759,1.0,0.0,0.75,0.3,0.36887430452818915,1.0,1.0,0.3333333333333333
A. Lexical retrieval (BM25 only),What monitoring is needed after starting an ACE inhibitor?,multi_doc,20,5,3,KD06,14.234583854675293,0.6666666666666666,1.0,0.3333333333333333,1.0,1.0,1.0,1.0,0.6666666666666666,0.6666666666666666,0.8472668887613066,1.0,1.0,0.6666666666666666,0.4,0.8472668887613066,1.0,1.0,0.6666666666666666,0.2,0.8472668887613066,1.0,1.0,1.0
A. Lexical retrieval (BM25 only),How is asthma control assessed and tracked over time?,multi_doc,20,5,3,AS01,15.985311508178711,0.3333333333333333,1.0,0.3333333333333333,1.0,1.0,1.0,1.0,0.3333333333333333,0.3333333333333333,0.5562983930884396,1.0,1.0,0.3333333333333333,0.2,0.5562983930884396,1.0,1.0,0.3333333333333333,0.1,0.5562983930884396,1.0,1.0,1.0
B. Dense retrieval (no reranker),How is type 2 diabetes diagnosed?,direct,20,5,2,DM01,0.6649336218833923,0.5,1.0,0.5,1.0,1.0,1.0,1.0,0.5,0.3333333333333333,0.8262346571285599,1.0,1.0,0.5,0.2,0.8262346571285599,1.0,1.0,1.0,0.2,0.9058464496821221,1.0,1.0,1.0
B. Dense retrieval (no reranker),What is the first-line medication for type 2 diabetes?,direct,20,5,2,DM05,0.6669242978096008,1.0,1.0,0.0,0.0,0.0,0.0,0.0,1.0,0.6666666666666666,0.6590018048024133,1.0,1.0,1.0,0.4,0.6590018048024133,1.0,1.0,1.0,0.2,0.6590018048024133,1.0,1.0,0.5
B. Dense retrieval (no reranker),How often should an adult with diabetes have a retinal exam?,direct,20,5,1,DM11,0.8169918060302734,1.0,1.0,1.0,1.0,1.0,1.0,1.0,1.0,0.3333333333333333,1.0,1.0,1.0,1.0,0.2,1.0,1.0,1.0,1.0,0.1,1.0,1.0,1.0,1.0
B. Dense retrieval (no reranker),What blood pressure range counts as stage 1 hypertension?,direct,20,5,2,HT02,0.7339199781417847,1.0,1.0,0.5,1.0,0.3333333333333333,1.0,0.0,1.0,0.6666666666666666,0.7967075809905066,1.0,1.0,1.0,0.4,0.7967075809905066,1.0,1.0,1.0,0.2,0.7967075809905066,1.0,1.0,1.0
B. Dense retrieval (no reranker),Which drug classes are used first-line for high blood pressure?,direct,20,5,5,CV11,0.5388437509536743,0.2,0.0,0.0,0.0,0.0,0.0,0.0,0.0,0.0,0.0,0.0,0.0,0.2,0.2,0.04792722246291237,1.0,0.0,0.8,0.4,0.4050045123602815,1.0,1.0,0.2
B. Dense retrieval (no reranker),What is the preferred long-term controller medication for persistent asthma?,direct,20,5,2,AS02,0.7221660017967224,1.0,1.0,0.5,1.0,1.0,1.0,1.0,1.0,0.6666666666666666,1.0,1.0,1.0,1.0,0.4,1.0,1.0,1.0,1.0,0.2,1.0,1.0,1.0,1.0
B. Dense retrieval (no reranker),How does an asthma action plan work?,direct,20,5,2,AS07,0.7184069156646729,0.5,1.0,0.5,1.0,1.0,1.0,1.0,0.5,0.3333333333333333,0.8262346571285599,1.0,1.0,0.5,0.2,0.8262346571285599,1.0,1.0,0.5,0.1,0.8262346571285599,1.0,1.0,1.0
B. Dense retrieval (no reranker),Should antibiotics be prescribed for an upper respiratory infection?,direct,20,5,1,ID01,0.8103859424591064,1.0,1.0,1.0,1.0,1.0,1.0,1.0,1.0,0.3333333333333333,1.0,1.0,1.0,1.0,0.2,1.0,1.0,1.0,1.0,0.1,1.0,1.0,1.0,1.0
B. Dense retrieval (no reranker),How is uncomplicated cystitis treated in healthy women?,direct,20,5,1,ID05,0.6619020700454712,1.0,1.0,1.0,1.0,1.0,1.0,1.0,1.0,0.3333333333333333,1.0,1.0,1.0,1.0,0.2,1.0,1.0,1.0,1.0,0.1,1.0,1.0,1.0,1.0
B. Dense retrieval (no reranker),What are the signs of sepsis?,direct,20,5,2,ID09,0.6706233024597168,1.0,1.0,0.5,1.0,1.0,1.0,1.0,1.0,0.6666666666666666,1.0,1.0,1.0,1.0,0.4,1.0,1.0,1.0,1.0,0.2,1.0,1.0,1.0,1.0
B. Dense retrieval (no reranker),What rectal temperature counts as a fever in an infant under three months?,direct,20,5,1,PF01,0.8905259966850281,1.0,1.0,1.0,1.0,1.0,1.0,1.0,1.0,0.3333333333333333,1.0,1.0,1.0,1.0,0.2,1.0,1.0,1.0,1.0,0.1,1.0,1.0,1.0,1.0
B. Dense retrieval (no reranker),Which medicines are used to reduce fever in children?,direct,20,5,2,PF03,0.6547240018844604,1.0,1.0,0.5,1.0,1.0,1.0,1.0,1.0,0.6666666666666666,1.0,1.0,1.0,1.0,0.4,1.0,1.0,1.0,1.0,0.2,1.0,1.0,1.0,1.0
B. Dense retrieval (no reranker),Who should receive an annual influenza vaccine?,direct,20,5,2,VX02,0.7180768251419067,1.0,1.0,0.5,1.0,1.0,1.0,1.0,1.0,0.6666666666666666,0.9639404333166532,1.0,1.0,1.0,0.4,0.9639404333166532,1.0,1.0,1.0,0.2,0.9639404333166532,1.0,1.0,1.0
B. Dense retrieval (no reranker),What screening questionnaire is used for depression in primary care?,direct,20,5,2,MH01,0.6223489046096802,1.0,1.0,0.5,1.0,1.0,1.0,1.0,0.5,0.3333333333333333,0.8262346571285599,1.0,1.0,1.0,0.4,0.944847956559586,1.0,1.0,1.0,0.2,0.944847956559586,1.0,1.0,1.0
B. Dense retrieval (no reranker),Which tool screens for generalized anxiety symptoms?,direct,20,5,1,MH03,0.5767203569412231,1.0,1.0,1.0,1.0,1.0,1.0,1.0,1.0,0.3333333333333333,1.0,1.0,1.0,1.0,0.2,1.0,1.0,1.0,1.0,0.1,1.0,1.0,1.0,1.0
B. Dense retrieval (no reranker),How frequently are prenatal visits scheduled in a low-risk pregnancy?,direct,20,5,1,PG01,0.867767870426178,1.0,1.0,1.0,1.0,1.0,1.0,1.0,1.0,0.3333333333333333,1.0,1.0,1.0,1.0,0.2,1.0,1.0,1.0,1.0,0.1,1.0,1.0,1.0,1.0
B. Dense retrieval (no reranker),When is screening for gestational diabetes performed?,direct,20,5,2,PG02,0.8467526435852051,1.0,1.0,0.5,1.0,1.0,1.0,1.0,1.0,0.6666666666666666,1.0,1.0,1.0,1.0,0.4,1.0,1.0,1.0,1.0,0.2,1.0,1.0,1.0,1.0
B. Dense retrieval (no reranker),What does a lipid panel measure?,direct,20,5,1,CV01,0.5749596357345581,1.0,1.0,1.0,1.0,1.0,1.0,1.0,1.0,0.3333333333333333,1.0,1.0,1.0,1.0,0.2,1.0,1.0,1.0,1.0,0.1,1.0,1.0,1.0,1.0
B. Dense retrieval (no reranker),Which drug class is first-line for lowering LDL cholesterol?,direct,20,5,2,CV02,0.6691350936889648,1.0,1.0,0.5,1.0,1.0,1.0,1.0,0.5,0.3333333333333333,0.8262346571285599,1.0,1.0,1.0,0.4,0.9327783893101107,1.0,1.0,1.0,0.2,0.9327783893101107,1.0,1.0,1.0
B. Dense retrieval (no reranker),How can the public recognize the symptoms of a stroke?,direct,20,5,1,ST01,0.6781691908836365,1.0,1.0,1.0,1.0,1.0,1.0,1.0,1.0,0.3333333333333333,1.0,1.0,1.0,1.0,0.2,1.0,1.0,1.0,1.0,0.1,1.0,1.0,1.0,1.0
B. Dense retrieval (no reranker),How is chronic kidney disease staged?,direct,20,5,1,KD01,0.5775625705718994,1.0,1.0,1.0,1.0,1.0,1.0,1.0,1.0,0.3333333333333333,1.0,1.0,1.0,1.0,0.2,1.0,1.0,1.0,1.0,0.1,1.0,1.0,1.0,1.0
B. Dense retrieval (no reranker),Which blood test screens for an underactive thyroid?,direct,20,5,2,TH01,0.545620322227478,1.0,1.0,0.5,1.0,1.0,1.0,1.0,1.0,0.6666666666666666,0.9639404333166532,1.0,1.0,1.0,0.4,0.9639404333166532,1.0,1.0,1.0,0.2,0.9639404333166532,1.0,1.0,1.0
B. Dense retrieval (no reranker),How much aerobic physical activity is recommended for adults each week?,direct,20,5,2,LS02,0.7498726844787598,1.0,1.0,0.5,1.0,1.0,1.0,1.0,1.0,0.6666666666666666,1.0,1.0,1.0,1.0,0.4,1.0,1.0,1.0,1.0,0.2,1.0,1.0,1.0,1.0
B. Dense retrieval (no reranker),Does counseling combined with medication improve smoking cessation rates?,direct,20,5,1,LS04,0.7007654905319214,1.0,1.0,1.0,1.0,1.0,1.0,1.0,1.0,0.3333333333333333,1.0,1.0,1.0,1.0,0.2,1.0,1.0,1.0,1.0,0.1,1.0,1.0,1.0,1.0
B. Dense retrieval (no reranker),What is the recommended time window for intravenous thrombolysis in ischemic stroke?,direct,20,5,2,ST02,0.831933856010437,1.0,1.0,0.5,1.0,1.0,1.0,1.0,1.0,0.6666666666666666,0.9639404333166532,1.0,1.0,1.0,0.4,0.9639404333166532,1.0,1.0,1.0,0.2,0.9639404333166532,1.0,1.0,1.0
B. Dense retrieval (no reranker),How is severe hypoglycemia with loss of consciousness treated?,direct,20,5,2,DM10,0.7637524604797363,1.0,1.0,0.5,1.0,1.0,1.0,1.0,1.0,0.6666666666666666,1.0,1.0,1.0,1.0,0.4,1.0,1.0,1.0,1.0,0.2,1.0,1.0,1.0,1.0
B. Dense retrieval (no reranker),What is resistant hypertension and how is it evaluated?,direct,20,5,1,HT13,0.7593449354171753,1.0,1.0,1.0,1.0,1.0,1.0,1.0,1.0,0.3333333333333333,1.0,1.0,1.0,1.0,0.2,1.0,1.0,1.0,1.0,0.1,1.0,1.0,1.0,1.0
B. Dense retrieval (no reranker),How is a severe asthma exacerbation managed?,direct,20,5,1,AS10,0.6990519762039185,1.0,1.0,1.0,1.0,1.0,1.0,1.0,1.0,0.3333333333333333,1.0,1.0,1.0,1.0,0.2,1.0,1.0,1.0,1.0,0.1,1.0,1.0,1.0,1.0
B. Dense retrieval (no reranker),What are the four foundational drug classes for heart failure with reduced ejection fraction?,direct,20,5,2,CV11,0.8062171339988708,1.0,1.0,0.5,1.0,1.0,1.0,1.0,1.0,0.6666666666666666,1.0,1.0,1.0,1.0,0.4,1.0,1.0,1.0,1.0,0.2,1.0,1.0,1.0,1.0
B. Dense retrieval (no reranker),When should dialysis be started in chronic kidney disease?,direct,20,5,1,KD04,0.5846593976020813,1.0,1.0,1.0,1.0,1.0,1.0,1.0,1.0,0.3333333333333333,1.0,1.0,1.0,1.0,0.2,1.0,1.0,1.0,1.0,0.1,1.0,1.0,1.0,1.0
B. Dense retrieval (no reranker),My sugar levels run high in the morning even before I eat anything. What test confirms it?,paraphrase,20,5,2,DM02,0.4668923020362854,1.0,1.0,0.5,1.0,0.3333333333333333,1.0,0.0,1.0,0.6666666666666666,0.6885288809404666,1.0,1.0,1.0,0.4,0.6885288809404666,1.0,1.0,1.0,0.2,0.6885288809404666,1.0,1.0,1.0
B. Dense retrieval (no reranker),What is the rule for treating a low sugar episode with juice?,paraphrase,20,5,2,DM09,0.5192275643348694,1.0,1.0,0.5,1.0,1.0,1.0,1.0,0.5,0.3333333333333333,0.8262346571285599,1.0,1.0,1.0,0.4,0.944847956559586,1.0,1.0,1.0,0.2,0.944847956559586,1.0,1.0,1.0
B. Dense retrieval (no reranker),Which water pill is used to bring blood pressure down?,paraphrase,20,5,1,HT06,0.6957456469535828,1.0,1.0,1.0,1.0,1.0,1.0,1.0,1.0,0.3333333333333333,1.0,1.0,1.0,1.0,0.2,1.0,1.0,1.0,1.0,0.1,1.0,1.0,1.0,1.0
B. Dense retrieval (no reranker),My blood pressure tablet gives me a constant dry tickly cough. What can I switch to?,paraphrase,20,5,2,HT07,0.6221170425415039,1.0,1.0,0.5,1.0,1.0,1.0,1.0,1.0,0.6666666666666666,1.0,1.0,1.0,1.0,0.4,1.0,1.0,1.0,1.0,0.2,1.0,1.0,1.0,1.0
B. Dense retrieval (no reranker),Why do my ankles swell up since starting the pill for my blood pressure?,paraphrase,20,5,1,HT06,0.4540722072124481,1.0,1.0,0.0,0.0,0.0,0.0,0.0,1.0,0.3333333333333333,0.6309297535714574,1.0,1.0,1.0,0.2,0.6309297535714574,1.0,1.0,1.0,0.1,0.6309297535714574,1.0,1.0,0.5
B. Dense retrieval (no reranker),Which puffer do I grab when I suddenly cannot catch my breath?,paraphrase,20,5,2,AS03,0.5064306855201721,0.5,1.0,0.5,1.0,1.0,1.0,1.0,0.5,0.3333333333333333,0.8262346571285599,1.0,1.0,0.5,0.2,0.8262346571285599,1.0,1.0,0.5,0.1,0.8262346571285599,1.0,1.0,1.0
B. Dense retrieval (no reranker),Is there a plastic tube thing that helps the medicine get into the lungs properly?,paraphrase,20,5,1,AS08,0.4829111099243164,1.0,1.0,1.0,1.0,1.0,1.0,1.0,1.0,0.3333333333333333,1.0,1.0,1.0,1.0,0.2,1.0,1.0,1.0,1.0,0.1,1.0,1.0,1.0,1.0
B. Dense retrieval (no reranker),I get wheezy whenever I go running. What do I take beforehand?,paraphrase,20,5,2,AS09,0.3371424376964569,1.0,1.0,0.5,1.0,1.0,1.0,1.0,0.5,0.3333333333333333,0.8262346571285599,1.0,1.0,1.0,0.4,0.944847956559586,1.0,1.0,1.0,0.2,0.944847956559586,1.0,1.0,1.0
B. Dense retrieval (no reranker),Should I keep taking the pills after the infection feels better?,paraphrase,20,5,2,ID11,0.4941193759441376,1.0,1.0,0.5,1.0,1.0,1.0,1.0,0.5,0.3333333333333333,0.8262346571285599,1.0,1.0,1.0,0.4,0.9327783893101107,1.0,1.0,1.0,0.2,0.9327783893101107,1.0,1.0,1.0
B. Dense retrieval (no reranker),I got terrible watery diarrhea a couple of weeks after taking antibiotics.,paraphrase,20,5,1,ID12,0.7311909794807434,1.0,1.0,1.0,1.0,1.0,1.0,1.0,1.0,0.3333333333333333,1.0,1.0,1.0,1.0,0.2,1.0,1.0,1.0,1.0,0.1,1.0,1.0,1.0,1.0
B. Dense retrieval (no reranker),Is the baby aspirin worth taking to prevent a first heart attack if I am healthy?,paraphrase,20,5,2,CV08,0.5500680208206177,0.5,1.0,0.5,1.0,1.0,1.0,1.0,0.5,0.3333333333333333,0.8262346571285599,1.0,1.0,0.5,0.2,0.8262346571285599,1.0,1.0,0.5,0.1,0.8262346571285599,1.0,1.0,1.0
B. Dense retrieval (no reranker),I need a blood thinner because my heart beats irregularly. Which kind?,paraphrase,20,5,1,CV11,0.47182655334472656,1.0,1.0,0.0,0.0,0.0,0.0,0.0,1.0,0.3333333333333333,0.6309297535714574,1.0,1.0,1.0,0.2,0.6309297535714574,1.0,1.0,1.0,0.1,0.6309297535714574,1.0,1.0,0.5
B. Dense retrieval (no reranker),My legs ache since I started the cholesterol tablet. Do I have to stop it?,paraphrase,20,5,1,CV03,0.4216325581073761,1.0,1.0,1.0,1.0,1.0,1.0,1.0,1.0,0.3333333333333333,1.0,1.0,1.0,1.0,0.2,1.0,1.0,1.0,1.0,0.1,1.0,1.0,1.0,1.0
B. Dense retrieval (no reranker),"I am always cold, tired, and constipated and my skin is dry. What should be checked?",paraphrase,20,5,1,PF07,0.3719862103462219,1.0,1.0,0.0,0.0,0.0,0.0,0.0,1.0,0.3333333333333333,0.6309297535714574,1.0,1.0,1.0,0.2,0.6309297535714574,1.0,1.0,1.0,0.1,0.6309297535714574,1.0,1.0,0.5
B. Dense retrieval (no reranker),How long after changing my thyroid tablet dose should the blood test be repeated?,paraphrase,20,5,1,TH02,0.5643569827079773,1.0,1.0,1.0,1.0,1.0,1.0,1.0,1.0,0.3333333333333333,1.0,1.0,1.0,1.0,0.2,1.0,1.0,1.0,1.0,0.1,1.0,1.0,1.0,1.0
B. Dense retrieval (no reranker),Weakness on one side of the face and slurred words came on suddenly. What do I do?,paraphrase,20,5,2,PG04,0.24423518776893616,0.5,1.0,0.0,0.0,0.0,0.0,0.0,0.5,0.3333333333333333,0.52129602861432,1.0,1.0,0.5,0.2,0.52129602861432,1.0,1.0,0.5,0.1,0.52129602861432,1.0,1.0,0.5
B. Dense retrieval (no reranker),"The symptoms went away completely after half an hour, so is it still worth being seen?",paraphrase,20,5,1,PF08,0.3891574740409851,1.0,1.0,0.0,0.0,0.0,0.0,0.0,1.0,0.3333333333333333,0.6309297535714574,1.0,1.0,1.0,0.2,0.6309297535714574,1.0,1.0,1.0,0.1,0.6309297535714574,1.0,1.0,0.5
B. Dense retrieval (no reranker),How much salt is too much if my pressure is up?,paraphrase,20,5,2,LS06,0.6638073921203613,0.5,1.0,0.5,1.0,1.0,1.0,1.0,0.5,0.3333333333333333,0.6131471927654584,1.0,1.0,0.5,0.2,0.6131471927654584,1.0,1.0,0.5,0.1,0.6131471927654584,1.0,1.0,1.0
B. Dense retrieval (no reranker),Do I need to lose all the extra weight to get any benefit?,paraphrase,20,5,1,LS07,0.44125476479530334,1.0,1.0,1.0,1.0,1.0,1.0,1.0,1.0,0.3333333333333333,1.0,1.0,1.0,1.0,0.2,1.0,1.0,1.0,1.0,0.1,1.0,1.0,1.0,1.0
B. Dense retrieval (no reranker),My toddler is burning up but is playing happily. How worried should I be?,paraphrase,20,5,2,PF06,0.4312562644481659,1.0,1.0,0.5,1.0,0.3333333333333333,1.0,0.0,1.0,0.6666666666666666,0.7967075809905066,1.0,1.0,1.0,0.4,0.7967075809905066,1.0,1.0,1.0,0.2,0.7967075809905066,1.0,1.0,1.0
B. Dense retrieval (no reranker),The baby got a temperature the day after her shots. Is that expected?,paraphrase,20,5,2,PF01,0.552008867263794,0.5,1.0,0.0,0.0,0.0,0.0,0.0,0.0,0.0,0.0,0.0,0.0,0.5,0.2,0.23719771276929622,1.0,1.0,1.0,0.2,0.4556051495874604,1.0,1.0,0.2
B. Dense retrieval (no reranker),My child missed several vaccine doses. Do we have to start the whole series again?,paraphrase,20,5,1,VX03,0.6376619935035706,1.0,1.0,1.0,1.0,1.0,1.0,1.0,1.0,0.3333333333333333,1.0,1.0,1.0,1.0,0.2,1.0,1.0,1.0,1.0,0.1,1.0,1.0,1.0,1.0
B. Dense retrieval (no reranker),What vitamin should I take before trying to conceive to protect the baby's spine?,paraphrase,20,5,1,PG03,0.5254852771759033,1.0,1.0,1.0,1.0,1.0,1.0,1.0,1.0,0.3333333333333333,1.0,1.0,1.0,1.0,0.2,1.0,1.0,1.0,1.0,0.1,1.0,1.0,1.0,1.0
B. Dense retrieval (no reranker),I am short of breath lying flat and my ankles are swollen in the evening.,paraphrase,20,5,2,CV10,0.46196144819259644,0.5,1.0,0.5,1.0,1.0,1.0,1.0,0.5,0.3333333333333333,0.8262346571285599,1.0,1.0,0.5,0.2,0.8262346571285599,1.0,1.0,0.5,0.1,0.8262346571285599,1.0,1.0,1.0
B. Dense retrieval (no reranker),Are painkillers like ibuprofen safe if my kidney function is reduced?,paraphrase,20,5,1,KD03,0.5905236005783081,1.0,1.0,1.0,1.0,1.0,1.0,1.0,1.0,0.3333333333333333,1.0,1.0,1.0,1.0,0.2,1.0,1.0,1.0,1.0,0.1,1.0,1.0,1.0,1.0
B. Dense retrieval (no reranker),What is first-line treatment for type 1 diabetes?,distractor,20,5,2,DM05,0.8259064555168152,1.0,1.0,0.5,1.0,1.0,1.0,1.0,1.0,0.6666666666666666,0.9639404333166532,1.0,1.0,1.0,0.4,0.9639404333166532,1.0,1.0,1.0,0.2,0.9639404333166532,1.0,1.0,1.0
B. Dense retrieval (no reranker),What should be added when metformin alone is not enough?,distractor,20,5,2,DM08,0.6343322396278381,1.0,1.0,0.0,0.0,0.0,0.0,0.0,1.0,0.6666666666666666,0.6590018048024133,1.0,1.0,1.0,0.4,0.6590018048024133,1.0,1.0,1.0,0.2,0.6590018048024133,1.0,1.0,0.5
B. Dense retrieval (no reranker),Which glucose-lowering drug is preferred during pregnancy?,distractor,20,5,2,DM07,0.704652726650238,1.0,1.0,0.5,1.0,1.0,1.0,1.0,1.0,0.6666666666666666,0.9639404333166532,1.0,1.0,1.0,0.4,0.9639404333166532,1.0,1.0,1.0,0.2,0.9639404333166532,1.0,1.0,1.0
B. Dense retrieval (no reranker),Which blood pressure medications must be stopped in pregnancy?,distractor,20,5,1,PG07,0.7490249276161194,1.0,1.0,1.0,1.0,1.0,1.0,1.0,1.0,0.3333333333333333,1.0,1.0,1.0,1.0,0.2,1.0,1.0,1.0,1.0,0.1,1.0,1.0,1.0,1.0
B. Dense retrieval (no reranker),Is a reading over 180/120 with chest pain an emergency or an urgency?,distractor,20,5,2,HT03,0.5564088821411133,0.5,1.0,0.5,1.0,1.0,1.0,1.0,0.5,0.3333333333333333,0.8262346571285599,1.0,1.0,0.5,0.2,0.8262346571285599,1.0,1.0,0.5,0.1,0.8262346571285599,1.0,1.0,1.0
B. Dense retrieval (no reranker),Can a long-acting beta agonist be used on its own for asthma?,distractor,20,5,2,AS04,0.8004270792007446,1.0,1.0,0.5,1.0,1.0,1.0,1.0,0.5,0.3333333333333333,0.8262346571285599,1.0,1.0,1.0,0.4,0.9327783893101107,1.0,1.0,1.0,0.2,0.9327783893101107,1.0,1.0,1.0
B. Dense retrieval (no reranker),How do I tell whether persistent breathlessness is COPD rather than asthma?,distractor,20,5,2,AS11,0.6227012872695923,1.0,1.0,0.5,1.0,1.0,1.0,1.0,1.0,0.6666666666666666,1.0,1.0,1.0,1.0,0.4,1.0,1.0,1.0,1.0,0.2,1.0,1.0,1.0,1.0
B. Dense retrieval (no reranker),Should bacteria found in the urine of a patient with no symptoms be treated?,distractor,20,5,2,ID07,0.707801342010498,0.5,1.0,0.5,1.0,1.0,1.0,1.0,0.5,0.3333333333333333,0.8262346571285599,1.0,1.0,0.5,0.2,0.8262346571285599,1.0,1.0,1.0,0.2,0.9180385079206221,1.0,1.0,1.0
B. Dense retrieval (no reranker),How does kidney infection with flank pain and fever differ from a simple bladder infection?,distractor,20,5,2,ID06,0.689339280128479,0.5,1.0,0.5,1.0,1.0,1.0,1.0,0.5,0.3333333333333333,0.8262346571285599,1.0,1.0,0.5,0.2,0.8262346571285599,1.0,1.0,0.5,0.1,0.8262346571285599,1.0,1.0,1.0
B. Dense retrieval (no reranker),Does a sore throat need a swab before antibiotics are given?,distractor,20,5,2,ID01,0.4437612295150757,1.0,1.0,0.0,0.0,0.0,0.0,0.0,0.5,0.3333333333333333,0.52129602861432,1.0,1.0,1.0,0.4,0.6278397607958708,1.0,1.0,1.0,0.2,0.6278397607958708,1.0,1.0,0.5
B. Dense retrieval (no reranker),Why is aspirin avoided for fever in children?,distractor,20,5,2,PF04,0.8172447681427002,1.0,1.0,0.5,1.0,1.0,1.0,1.0,1.0,0.6666666666666666,1.0,1.0,1.0,1.0,0.4,1.0,1.0,1.0,1.0,0.2,1.0,1.0,1.0,1.0
B. Dense retrieval (no reranker),Which vaccines cannot be given to someone who is immunocompromised?,distractor,20,5,2,VX05,0.5777488946914673,1.0,1.0,0.5,1.0,1.0,1.0,1.0,1.0,0.6666666666666666,1.0,1.0,1.0,1.0,0.4,1.0,1.0,1.0,1.0,0.2,1.0,1.0,1.0,1.0
B. Dense retrieval (no reranker),What comes after a positive two-question depression pre-screen?,distractor,20,5,2,MH02,0.6042546033859253,1.0,1.0,0.5,1.0,1.0,1.0,1.0,1.0,0.6666666666666666,1.0,1.0,1.0,1.0,0.4,1.0,1.0,1.0,1.0,0.2,1.0,1.0,1.0,1.0
B. Dense retrieval (no reranker),What must be ruled out before starting an antidepressant?,distractor,20,5,2,MH05,0.6249763369560242,1.0,1.0,0.5,1.0,0.3333333333333333,1.0,0.0,1.0,0.6666666666666666,0.7967075809905066,1.0,1.0,1.0,0.4,0.7967075809905066,1.0,1.0,1.0,0.2,0.7967075809905066,1.0,1.0,1.0
B. Dense retrieval (no reranker),Which depression screening tool is designed for use around childbirth?,distractor,20,5,2,MH09,0.5751456022262573,1.0,1.0,0.5,1.0,1.0,1.0,1.0,1.0,0.6666666666666666,0.9639404333166532,1.0,1.0,1.0,0.4,0.9639404333166532,1.0,1.0,1.0,0.2,0.9639404333166532,1.0,1.0,1.0
B. Dense retrieval (no reranker),Is exertional chest discomfort relieved by rest an acute coronary syndrome?,distractor,20,5,2,CV07,0.7121061086654663,1.0,1.0,0.5,1.0,1.0,1.0,1.0,1.0,0.6666666666666666,1.0,1.0,1.0,1.0,0.4,1.0,1.0,1.0,1.0,0.2,1.0,1.0,1.0,1.0
B. Dense retrieval (no reranker),What is added when a maximum-dose statin still leaves LDL too high?,distractor,20,5,2,CV02,0.6640018224716187,1.0,1.0,0.5,1.0,0.3333333333333333,1.0,0.0,1.0,0.6666666666666666,0.7967075809905066,1.0,1.0,1.0,0.4,0.7967075809905066,1.0,1.0,1.0,0.2,0.7967075809905066,1.0,1.0,1.0
B. Dense retrieval (no reranker),Is a rise in creatinine after starting an ACE inhibitor a reason to stop it?,distractor,20,5,2,KD02,0.7184393405914307,1.0,1.0,0.5,1.0,1.0,1.0,1.0,1.0,0.6666666666666666,1.0,1.0,1.0,1.0,0.4,1.0,1.0,1.0,1.0,0.2,1.0,1.0,1.0,1.0
B. Dense retrieval (no reranker),When is treatment indicated for a raised TSH with a normal free T4?,distractor,20,5,2,TH05,0.7528125047683716,1.0,1.0,0.5,1.0,1.0,1.0,1.0,1.0,0.6666666666666666,1.0,1.0,1.0,1.0,0.4,1.0,1.0,1.0,1.0,0.2,1.0,1.0,1.0,1.0
B. Dense retrieval (no reranker),Which beta blocker situations still justify their use in hypertension?,distractor,20,5,1,HT10,0.8193198442459106,1.0,1.0,1.0,1.0,1.0,1.0,1.0,1.0,0.3333333333333333,1.0,1.0,1.0,1.0,0.2,1.0,1.0,1.0,1.0,0.1,1.0,1.0,1.0,1.0
B. Dense retrieval (no reranker),What lifestyle changes lower blood pressure?,multi_doc,20,5,7,HT04,0.49994224309921265,0.2857142857142857,1.0,0.14285714285714285,1.0,1.0,1.0,1.0,0.14285714285714285,0.3333333333333333,0.4692787260227565,1.0,1.0,0.2857142857142857,0.4,0.47580096470244104,1.0,1.0,0.2857142857142857,0.2,0.4342705983066952,1.0,1.0,1.0
B. Dense retrieval (no reranker),Why does uncontrolled high blood pressure matter if I feel fine?,multi_doc,20,5,4,HT14,0.6733822822570801,0.25,1.0,0.25,1.0,1.0,1.0,1.0,0.25,0.3333333333333333,0.7262287617954056,1.0,1.0,0.25,0.2,0.6576630675781056,1.0,1.0,0.25,0.1,0.6576630675781056,1.0,1.0,1.0
B. Dense retrieval (no reranker),What is the full set of routine annual screenings for a patient with diabetes?,multi_doc,20,5,4,PG02,0.5463731288909912,0.75,1.0,0.0,0.0,0.0,0.0,0.0,0.5,0.6666666666666666,0.5307212739772436,1.0,1.0,0.75,0.6,0.6865746908316516,1.0,1.0,0.75,0.3,0.6865746908316516,1.0,1.0,0.5
B. Dense retrieval (no reranker),How should a patient who screens positive for suicidal thoughts be handled?,multi_doc,20,5,2,MH04,0.514021098613739,0.5,1.0,0.5,1.0,1.0,1.0,1.0,0.5,0.3333333333333333,0.8262346571285599,1.0,1.0,0.5,0.2,0.8262346571285599,1.0,1.0,1.0,0.2,0.9180385079206221,1.0,1.0,1.0
B. Dense retrieval (no reranker),What should be done in the first hour for a patient with suspected sepsis?,multi_doc,20,5,2,ID10,0.6007555723190308,1.0,1.0,0.5,1.0,1.0,1.0,1.0,1.0,0.6666666666666666,1.0,1.0,1.0,1.0,0.4,1.0,1.0,1.0,1.0,0.2,1.0,1.0,1.0,1.0
B. Dense retrieval (no reranker),Which vaccines are recommended during pregnancy?,multi_doc,20,5,3,VX08,0.5806469917297363,1.0,1.0,0.3333333333333333,1.0,1.0,1.0,1.0,0.6666666666666666,0.6666666666666666,0.8472668887613066,1.0,1.0,1.0,0.6,0.940914767159646,1.0,1.0,1.0,0.3,0.940914767159646,1.0,1.0,1.0
B. Dense retrieval (no reranker),What are the danger signs in pregnancy and what condition do they suggest?,multi_doc,20,5,2,PG04,0.5619664788246155,1.0,1.0,0.5,1.0,1.0,1.0,1.0,0.5,0.3333333333333333,0.6131471927654584,1.0,1.0,1.0,0.4,0.8772153153380493,1.0,1.0,1.0,0.2,0.8772153153380493,1.0,1.0,1.0
B. Dense retrieval (no reranker),How is stroke risk reduced after someone has already had one?,multi_doc,20,5,4,ST04,0.5427866578102112,0.5,1.0,0.0,0.0,0.0,0.0,0.0,0.25,0.3333333333333333,0.45819933371607996,1.0,1.0,0.5,0.4,0.49974546512912627,1.0,1.0,1.0,0.4,0.6348941014496093,1.0,1.0,0.5
B. Dense retrieval (no reranker),What monitoring is needed after starting an ACE inhibitor?,multi_doc,20,5,3,KD06,0.559065580368042,1.0,1.0,0.3333333333333333,1.0,1.0,1.0,1.0,0.6666666666666666,0.6666666666666666,0.878961873034099,1.0,1.0,1.0,0.6,0.9726097514324383,1.0,1.0,1.0,0.3,0.9726097514324383,1.0,1.0,1.0
B. Dense retrieval (no reranker),How is asthma control assessed and tracked over time?,multi_doc,20,5,3,AS01,0.710825502872467,0.6666666666666666,1.0,0.3333333333333333,1.0,1.0,1.0,1.0,0.6666666666666666,0.6666666666666666,0.6732934624429354,1.0,1.0,0.6666666666666666,0.4,0.6732934624429354,1.0,1.0,1.0,0.3,0.8587262601390819,1.0,1.0,1.0
C. Dense + cross-encoder reranker,How is type 2 diabetes diagnosed?,direct,20,5,2,DM01,8.991833686828613,0.5,1.0,0.5,1.0,1.0,1.0,1.0,0.5,0.3333333333333333,0.8262346571285599,1.0,1.0,0.5,0.2,0.8262346571285599,1.0,1.0,1.0,0.2,0.9091417955461737,1.0,1.0,1.0
C. Dense + cross-encoder reranker,What is the first-line medication for type 2 diabetes?,direct,20,5,2,DM04,9.821507453918457,0.5,1.0,0.5,1.0,1.0,1.0,1.0,0.5,0.3333333333333333,0.8262346571285599,1.0,1.0,0.5,0.2,0.8262346571285599,1.0,1.0,1.0,0.2,0.91311732856428,1.0,1.0,1.0
C. Dense + cross-encoder reranker,How often should an adult with diabetes have a retinal exam?,direct,20,5,1,DM11,10.058377265930176,1.0,1.0,1.0,1.0,1.0,1.0,1.0,1.0,0.3333333333333333,1.0,1.0,1.0,1.0,0.2,1.0,1.0,1.0,1.0,0.1,1.0,1.0,1.0,1.0
C. Dense + cross-encoder reranker,What blood pressure range counts as stage 1 hypertension?,direct,20,5,2,HT01,7.9264726638793945,1.0,1.0,0.5,1.0,1.0,1.0,1.0,1.0,0.6666666666666666,1.0,1.0,1.0,1.0,0.4,1.0,1.0,1.0,1.0,0.2,1.0,1.0,1.0,1.0
C. Dense + cross-encoder reranker,Which drug classes are used first-line for high blood pressure?,direct,20,5,5,CV02,2.7752084732055664,0.6,1.0,0.0,0.0,0.0,0.0,0.0,0.2,0.3333333333333333,0.07821312100379275,1.0,0.0,0.6,0.6,0.36579635424202195,1.0,1.0,0.8,0.4,0.4776802385028129,1.0,1.0,0.3333333333333333
C. Dense + cross-encoder reranker,What is the preferred long-term controller medication for persistent asthma?,direct,20,5,2,AS02,10.330089569091797,1.0,1.0,0.5,1.0,1.0,1.0,1.0,1.0,0.6666666666666666,1.0,1.0,1.0,1.0,0.4,1.0,1.0,1.0,1.0,0.2,1.0,1.0,1.0,1.0
C. Dense + cross-encoder reranker,How does an asthma action plan work?,direct,20,5,2,AS07,7.159515380859375,0.5,1.0,0.5,1.0,1.0,1.0,1.0,0.5,0.3333333333333333,0.8262346571285599,1.0,1.0,0.5,0.2,0.8262346571285599,1.0,1.0,0.5,0.1,0.8262346571285599,1.0,1.0,1.0
C. Dense + cross-encoder reranker,Should antibiotics be prescribed for an upper respiratory infection?,direct,20,5,1,ID01,6.98411750793457,1.0,1.0,1.0,1.0,1.0,1.0,1.0,1.0,0.3333333333333333,1.0,1.0,1.0,1.0,0.2,1.0,1.0,1.0,1.0,0.1,1.0,1.0,1.0,1.0
C. Dense + cross-encoder reranker,How is uncomplicated cystitis treated in healthy women?,direct,20,5,1,ID05,9.70473575592041,1.0,1.0,1.0,1.0,1.0,1.0,1.0,1.0,0.3333333333333333,1.0,1.0,1.0,1.0,0.2,1.0,1.0,1.0,1.0,0.1,1.0,1.0,1.0,1.0
C. Dense + cross-encoder reranker,What are the signs of sepsis?,direct,20,5,2,ID09,5.894171714782715,1.0,1.0,0.5,1.0,1.0,1.0,1.0,1.0,0.6666666666666666,1.0,1.0,1.0,1.0,0.4,1.0,1.0,1.0,1.0,0.2,1.0,1.0,1.0,1.0
C. Dense + cross-encoder reranker,What rectal temperature counts as a fever in an infant under three months?,direct,20,5,1,PF01,9.205814361572266,1.0,1.0,1.0,1.0,1.0,1.0,1.0,1.0,0.3333333333333333,1.0,1.0,1.0,1.0,0.2,1.0,1.0,1.0,1.0,0.1,1.0,1.0,1.0,1.0
C. Dense + cross-encoder reranker,Which medicines are used to reduce fever in children?,direct,20,5,2,PF03,9.179573059082031,1.0,1.0,0.5,1.0,1.0,1.0,1.0,1.0,0.6666666666666666,1.0,1.0,1.0,1.0,0.4,1.0,1.0,1.0,1.0,0.2,1.0,1.0,1.0,1.0
C. Dense + cross-encoder reranker,Who should receive an annual influenza vaccine?,direct,20,5,2,VX02,6.954229354858398,1.0,1.0,0.5,1.0,1.0,1.0,1.0,1.0,0.6666666666666666,0.9639404333166532,1.0,1.0,1.0,0.4,0.9639404333166532,1.0,1.0,1.0,0.2,0.9639404333166532,1.0,1.0,1.0
C. Dense + cross-encoder reranker,What screening questionnaire is used for depression in primary care?,direct,20,5,2,MH01,9.257673263549805,1.0,1.0,0.5,1.0,1.0,1.0,1.0,1.0,0.6666666666666666,0.9639404333166532,1.0,1.0,1.0,0.4,0.9639404333166532,1.0,1.0,1.0,0.2,0.9639404333166532,1.0,1.0,1.0
C. Dense + cross-encoder reranker,Which tool screens for generalized anxiety symptoms?,direct,20,5,1,MH03,8.588689804077148,1.0,1.0,1.0,1.0,1.0,1.0,1.0,1.0,0.3333333333333333,1.0,1.0,1.0,1.0,0.2,1.0,1.0,1.0,1.0,0.1,1.0,1.0,1.0,1.0
C. Dense + cross-encoder reranker,How frequently are prenatal visits scheduled in a low-risk pregnancy?,direct,20,5,1,PG01,10.079084396362305,1.0,1.0,1.0,1.0,1.0,1.0,1.0,1.0,0.3333333333333333,1.0,1.0,1.0,1.0,0.2,1.0,1.0,1.0,1.0,0.1,1.0,1.0,1.0,1.0
C. Dense + cross-encoder reranker,When is screening for gestational diabetes performed?,direct,20,5,2,PG02,10.85645580291748,1.0,1.0,0.5,1.0,1.0,1.0,1.0,1.0,0.6666666666666666,1.0,1.0,1.0,1.0,0.4,1.0,1.0,1.0,1.0,0.2,1.0,1.0,1.0,1.0
C. Dense + cross-encoder reranker,What does a lipid panel measure?,direct,20,5,1,CV01,7.540401935577393,1.0,1.0,1.0,1.0,1.0,1.0,1.0,1.0,0.3333333333333333,1.0,1.0,1.0,1.0,0.2,1.0,1.0,1.0,1.0,0.1,1.0,1.0,1.0,1.0
C. Dense + cross-encoder reranker,Which drug class is first-line for lowering LDL cholesterol?,direct,20,5,2,CV02,10.553571701049805,1.0,1.0,0.5,1.0,1.0,1.0,1.0,0.5,0.3333333333333333,0.8262346571285599,1.0,1.0,1.0,0.4,0.944847956559586,1.0,1.0,1.0,0.2,0.944847956559586,1.0,1.0,1.0
C. Dense + cross-encoder reranker,How can the public recognize the symptoms of a stroke?,direct,20,5,1,ST01,7.711972236633301,1.0,1.0,1.0,1.0,1.0,1.0,1.0,1.0,0.3333333333333333,1.0,1.0,1.0,1.0,0.2,1.0,1.0,1.0,1.0,0.1,1.0,1.0,1.0,1.0
C. Dense + cross-encoder reranker,How is chronic kidney disease staged?,direct,20,5,1,KD01,9.017980575561523,1.0,1.0,1.0,1.0,1.0,1.0,1.0,1.0,0.3333333333333333,1.0,1.0,1.0,1.0,0.2,1.0,1.0,1.0,1.0,0.1,1.0,1.0,1.0,1.0
C. Dense + cross-encoder reranker,Which blood test screens for an underactive thyroid?,direct,20,5,2,TH01,0.5648013353347778,1.0,1.0,0.5,1.0,1.0,1.0,1.0,1.0,0.6666666666666666,0.9639404333166532,1.0,1.0,1.0,0.4,0.9639404333166532,1.0,1.0,1.0,0.2,0.9639404333166532,1.0,1.0,1.0
C. Dense + cross-encoder reranker,How much aerobic physical activity is recommended for adults each week?,direct,20,5,2,LS02,9.555506706237793,1.0,1.0,0.5,1.0,1.0,1.0,1.0,1.0,0.6666666666666666,1.0,1.0,1.0,1.0,0.4,1.0,1.0,1.0,1.0,0.2,1.0,1.0,1.0,1.0
C. Dense + cross-encoder reranker,Does counseling combined with medication improve smoking cessation rates?,direct,20,5,1,LS04,4.767402648925781,1.0,1.0,1.0,1.0,1.0,1.0,1.0,1.0,0.3333333333333333,1.0,1.0,1.0,1.0,0.2,1.0,1.0,1.0,1.0,0.1,1.0,1.0,1.0,1.0
C. Dense + cross-encoder reranker,What is the recommended time window for intravenous thrombolysis in ischemic stroke?,direct,20,5,2,ST02,8.04478931427002,1.0,1.0,0.5,1.0,1.0,1.0,1.0,1.0,0.6666666666666666,0.9639404333166532,1.0,1.0,1.0,0.4,0.9639404333166532,1.0,1.0,1.0,0.2,0.9639404333166532,1.0,1.0,1.0
C. Dense + cross-encoder reranker,How is severe hypoglycemia with loss of consciousness treated?,direct,20,5,2,DM10,9.05343246459961,1.0,1.0,0.5,1.0,1.0,1.0,1.0,1.0,0.6666666666666666,1.0,1.0,1.0,1.0,0.4,1.0,1.0,1.0,1.0,0.2,1.0,1.0,1.0,1.0
C. Dense + cross-encoder reranker,What is resistant hypertension and how is it evaluated?,direct,20,5,1,HT13,8.302338600158691,1.0,1.0,1.0,1.0,1.0,1.0,1.0,1.0,0.3333333333333333,1.0,1.0,1.0,1.0,0.2,1.0,1.0,1.0,1.0,0.1,1.0,1.0,1.0,1.0
C. Dense + cross-encoder reranker,How is a severe asthma exacerbation managed?,direct,20,5,1,AS10,7.046692848205566,1.0,1.0,1.0,1.0,1.0,1.0,1.0,1.0,0.3333333333333333,1.0,1.0,1.0,1.0,0.2,1.0,1.0,1.0,1.0,0.1,1.0,1.0,1.0,1.0
C. Dense + cross-encoder reranker,What are the four foundational drug classes for heart failure with reduced ejection fraction?,direct,20,5,2,CV11,10.462017059326172,1.0,1.0,0.5,1.0,1.0,1.0,1.0,1.0,0.6666666666666666,1.0,1.0,1.0,1.0,0.4,1.0,1.0,1.0,1.0,0.2,1.0,1.0,1.0,1.0
C. Dense + cross-encoder reranker,When should dialysis be started in chronic kidney disease?,direct,20,5,1,KD03,-2.936508893966675,1.0,1.0,0.0,0.0,0.0,0.0,0.0,1.0,0.3333333333333333,0.5,1.0,1.0,1.0,0.2,0.5,1.0,1.0,1.0,0.1,0.5,1.0,1.0,0.3333333333333333
C. Dense + cross-encoder reranker,My sugar levels run high in the morning even before I eat anything. What test confirms it?,paraphrase,20,5,2,DM01,-1.5790259838104248,1.0,1.0,0.5,1.0,1.0,1.0,1.0,1.0,0.6666666666666666,1.0,1.0,1.0,1.0,0.4,1.0,1.0,1.0,1.0,0.2,1.0,1.0,1.0,1.0
C. Dense + cross-encoder reranker,What is the rule for treating a low sugar episode with juice?,paraphrase,20,5,2,DM09,3.2154409885406494,1.0,1.0,0.5,1.0,1.0,1.0,1.0,0.5,0.3333333333333333,0.8262346571285599,1.0,1.0,1.0,0.4,0.9327783893101107,1.0,1.0,1.0,0.2,0.9327783893101107,1.0,1.0,1.0
C. Dense + cross-encoder reranker,Which water pill is used to bring blood pressure down?,paraphrase,20,5,1,HT06,5.4798903465271,1.0,1.0,1.0,1.0,1.0,1.0,1.0,1.0,0.3333333333333333,1.0,1.0,1.0,1.0,0.2,1.0,1.0,1.0,1.0,0.1,1.0,1.0,1.0,1.0
C. Dense + cross-encoder reranker,My blood pressure tablet gives me a constant dry tickly cough. What can I switch to?,paraphrase,20,5,2,HT07,-1.4370102882385254,1.0,1.0,0.5,1.0,1.0,1.0,1.0,1.0,0.6666666666666666,1.0,1.0,1.0,1.0,0.4,1.0,1.0,1.0,1.0,0.2,1.0,1.0,1.0,1.0
C. Dense + cross-encoder reranker,Why do my ankles swell up since starting the pill for my blood pressure?,paraphrase,20,5,1,CV10,-6.334898948669434,1.0,1.0,0.0,0.0,0.0,0.0,0.0,1.0,0.3333333333333333,0.5,1.0,1.0,1.0,0.2,0.5,1.0,1.0,1.0,0.1,0.5,1.0,1.0,0.3333333333333333
C. Dense + cross-encoder reranker,Which puffer do I grab when I suddenly cannot catch my breath?,paraphrase,20,5,2,AS03,1.1901624202728271,0.5,1.0,0.5,1.0,1.0,1.0,1.0,0.5,0.3333333333333333,0.8262346571285599,1.0,1.0,0.5,0.2,0.8262346571285599,1.0,1.0,0.5,0.1,0.8262346571285599,1.0,1.0,1.0
C. Dense + cross-encoder reranker,Is there a plastic tube thing that helps the medicine get into the lungs properly?,paraphrase,20,5,1,AS08,-8.608253479003906,1.0,1.0,1.0,1.0,1.0,1.0,1.0,1.0,0.3333333333333333,1.0,1.0,1.0,1.0,0.2,1.0,1.0,1.0,1.0,0.1,1.0,1.0,1.0,1.0
C. Dense + cross-encoder reranker,I get wheezy whenever I go running. What do I take beforehand?,paraphrase,20,5,2,AS09,-7.882952690124512,0.5,1.0,0.5,1.0,1.0,1.0,1.0,0.5,0.3333333333333333,0.8262346571285599,1.0,1.0,0.5,0.2,0.8262346571285599,1.0,1.0,1.0,0.2,0.91311732856428,1.0,1.0,1.0
C. Dense + cross-encoder reranker,Should I keep taking the pills after the infection feels better?,paraphrase,20,5,2,HT06,-6.375309467315674,1.0,1.0,0.0,0.0,0.0,0.0,0.0,0.5,0.3333333333333333,0.41311732856427996,1.0,1.0,1.0,0.4,0.531730627995306,1.0,1.0,1.0,0.2,0.531730627995306,1.0,1.0,0.3333333333333333
C. Dense + cross-encoder reranker,I got terrible watery diarrhea a couple of weeks after taking antibiotics.,paraphrase,20,5,1,ID12,5.425224781036377,1.0,1.0,1.0,1.0,1.0,1.0,1.0,1.0,0.3333333333333333,1.0,1.0,1.0,1.0,0.2,1.0,1.0,1.0,1.0,0.1,1.0,1.0,1.0,1.0
C. Dense + cross-encoder reranker,Is the baby aspirin worth taking to prevent a first heart attack if I am healthy?,paraphrase,20,5,2,CV08,-2.415492534637451,0.5,1.0,0.5,1.0,1.0,1.0,1.0,0.5,0.3333333333333333,0.8262346571285599,1.0,1.0,0.5,0.2,0.8262346571285599,1.0,1.0,0.5,0.1,0.8262346571285599,1.0,1.0,1.0
C. Dense + cross-encoder reranker,I need a blood thinner because my heart beats irregularly. Which kind?,paraphrase,20,5,1,HT10,-7.553339004516602,0.0,0.0,0.0,0.0,0.0,0.0,0.0,0.0,0.0,0.0,0.0,0.0,0.0,0.0,0.0,0.0,0.0,1.0,0.1,0.3154648767857287,1.0,1.0,0.125
C. Dense + cross-encoder reranker,My legs ache since I started the cholesterol tablet. Do I have to stop it?,paraphrase,20,5,1,CV03,-8.490913391113281,1.0,1.0,1.0,1.0,1.0,1.0,1.0,1.0,0.3333333333333333,1.0,1.0,1.0,1.0,0.2,1.0,1.0,1.0,1.0,0.1,1.0,1.0,1.0,1.0
C. Dense + cross-encoder reranker,"I am always cold, tired, and constipated and my skin is dry. What should be checked?",paraphrase,20,5,1,TH01,0.24691098928451538,1.0,1.0,1.0,1.0,1.0,1.0,1.0,1.0,0.3333333333333333,1.0,1.0,1.0,1.0,0.2,1.0,1.0,1.0,1.0,0.1,1.0,1.0,1.0,1.0
C. Dense + cross-encoder reranker,How long after changing my thyroid tablet dose should the blood test be repeated?,paraphrase,20,5,1,TH02,-1.0076179504394531,1.0,1.0,1.0,1.0,1.0,1.0,1.0,1.0,0.3333333333333333,1.0,1.0,1.0,1.0,0.2,1.0,1.0,1.0,1.0,0.1,1.0,1.0,1.0,1.0
C. Dense + cross-encoder reranker,Weakness on one side of the face and slurred words came on suddenly. What do I do?,paraphrase,20,5,2,ST01,-7.034589767456055,0.5,1.0,0.5,1.0,1.0,1.0,1.0,0.5,0.3333333333333333,0.8262346571285599,1.0,1.0,0.5,0.2,0.8262346571285599,1.0,1.0,0.5,0.1,0.8262346571285599,1.0,1.0,1.0
C. Dense + cross-encoder reranker,"The symptoms went away completely after half an hour, so is it still worth being seen?",paraphrase,20,5,1,ST04,-5.16994571685791,1.0,1.0,1.0,1.0,1.0,1.0,1.0,1.0,0.3333333333333333,1.0,1.0,1.0,1.0,0.2,1.0,1.0,1.0,1.0,0.1,1.0,1.0,1.0,1.0
C. Dense + cross-encoder reranker,How much salt is too much if my pressure is up?,paraphrase,20,5,2,LS06,-3.8825509548187256,1.0,1.0,0.5,1.0,1.0,1.0,1.0,0.5,0.3333333333333333,0.6131471927654584,1.0,1.0,1.0,0.4,0.8503449055347546,1.0,1.0,1.0,0.2,0.8503449055347546,1.0,1.0,1.0
C. Dense + cross-encoder reranker,Do I need to lose all the extra weight to get any benefit?,paraphrase,20,5,1,LS07,-6.8294219970703125,1.0,1.0,1.0,1.0,1.0,1.0,1.0,1.0,0.3333333333333333,1.0,1.0,1.0,1.0,0.2,1.0,1.0,1.0,1.0,0.1,1.0,1.0,1.0,1.0
C. Dense + cross-encoder reranker,My toddler is burning up but is playing happily. How worried should I be?,paraphrase,20,5,2,PF06,-9.71314811706543,1.0,1.0,0.5,1.0,0.3333333333333333,1.0,0.0,0.5,0.3333333333333333,0.27541155237618664,1.0,0.0,1.0,0.4,0.631251450669265,1.0,1.0,1.0,0.2,0.631251450669265,1.0,1.0,1.0
C. Dense + cross-encoder reranker,The baby got a temperature the day after her shots. Is that expected?,paraphrase,20,5,2,PF01,-4.255063056945801,1.0,1.0,0.0,0.0,0.0,0.0,0.0,1.0,0.6666666666666666,0.6934264036172708,1.0,1.0,1.0,0.4,0.6934264036172708,1.0,1.0,1.0,0.2,0.6934264036172708,1.0,1.0,0.5
C. Dense + cross-encoder reranker,My child missed several vaccine doses. Do we have to start the whole series again?,paraphrase,20,5,1,VX03,3.614387035369873,1.0,1.0,1.0,1.0,1.0,1.0,1.0,1.0,0.3333333333333333,1.0,1.0,1.0,1.0,0.2,1.0,1.0,1.0,1.0,0.1,1.0,1.0,1.0,1.0
C. Dense + cross-encoder reranker,What vitamin should I take before trying to conceive to protect the baby's spine?,paraphrase,20,5,1,PG03,-3.6992952823638916,1.0,1.0,1.0,1.0,1.0,1.0,1.0,1.0,0.3333333333333333,1.0,1.0,1.0,1.0,0.2,1.0,1.0,1.0,1.0,0.1,1.0,1.0,1.0,1.0
C. Dense + cross-encoder reranker,I am short of breath lying flat and my ankles are swollen in the evening.,paraphrase,20,5,2,CV10,2.323300838470459,0.5,1.0,0.5,1.0,1.0,1.0,1.0,0.5,0.3333333333333333,0.8262346571285599,1.0,1.0,0.5,0.2,0.8262346571285599,1.0,1.0,0.5,0.1,0.8262346571285599,1.0,1.0,1.0
C. Dense + cross-encoder reranker,Are painkillers like ibuprofen safe if my kidney function is reduced?,paraphrase,20,5,1,DM08,-0.3367784023284912,1.0,1.0,0.0,0.0,0.0,0.0,0.0,1.0,0.3333333333333333,0.6309297535714574,1.0,1.0,1.0,0.2,0.6309297535714574,1.0,1.0,1.0,0.1,0.6309297535714574,1.0,1.0,0.5
C. Dense + cross-encoder reranker,What is first-line treatment for type 1 diabetes?,distractor,20,5,2,DM05,10.663820266723633,1.0,1.0,0.5,1.0,1.0,1.0,1.0,1.0,0.6666666666666666,0.9639404333166532,1.0,1.0,1.0,0.4,0.9639404333166532,1.0,1.0,1.0,0.2,0.9639404333166532,1.0,1.0,1.0
C. Dense + cross-encoder reranker,What should be added when metformin alone is not enough?,distractor,20,5,2,DM06,6.833364486694336,1.0,1.0,0.5,1.0,1.0,1.0,1.0,0.5,0.3333333333333333,0.8262346571285599,1.0,1.0,1.0,0.4,0.944847956559586,1.0,1.0,1.0,0.2,0.944847956559586,1.0,1.0,1.0
C. Dense + cross-encoder reranker,Which glucose-lowering drug is preferred during pregnancy?,distractor,20,5,2,DM07,7.309654712677002,1.0,1.0,0.5,1.0,1.0,1.0,1.0,0.5,0.3333333333333333,0.8262346571285599,1.0,1.0,1.0,0.4,0.944847956559586,1.0,1.0,1.0,0.2,0.944847956559586,1.0,1.0,1.0
C. Dense + cross-encoder reranker,Which blood pressure medications must be stopped in pregnancy?,distractor,20,5,1,PG07,1.0300395488739014,1.0,1.0,1.0,1.0,1.0,1.0,1.0,1.0,0.3333333333333333,1.0,1.0,1.0,1.0,0.2,1.0,1.0,1.0,1.0,0.1,1.0,1.0,1.0,1.0
C. Dense + cross-encoder reranker,Is a reading over 180/120 with chest pain an emergency or an urgency?,distractor,20,5,2,HT03,4.275592803955078,0.5,1.0,0.5,1.0,1.0,1.0,1.0,0.5,0.3333333333333333,0.8262346571285599,1.0,1.0,0.5,0.2,0.8262346571285599,1.0,1.0,0.5,0.1,0.8262346571285599,1.0,1.0,1.0
C. Dense + cross-encoder reranker,Can a long-acting beta agonist be used on its own for asthma?,distractor,20,5,2,AS04,9.305237770080566,1.0,1.0,0.5,1.0,1.0,1.0,1.0,0.5,0.3333333333333333,0.8262346571285599,1.0,1.0,1.0,0.4,0.9327783893101107,1.0,1.0,1.0,0.2,0.9327783893101107,1.0,1.0,1.0
C. Dense + cross-encoder reranker,How do I tell whether persistent breathlessness is COPD rather than asthma?,distractor,20,5,2,AS11,-2.955589532852173,1.0,1.0,0.5,1.0,1.0,1.0,1.0,0.5,0.3333333333333333,0.8262346571285599,1.0,1.0,1.0,0.4,0.9327783893101107,1.0,1.0,1.0,0.2,0.9327783893101107,1.0,1.0,1.0
C. Dense + cross-encoder reranker,Should bacteria found in the urine of a patient with no symptoms be treated?,distractor,20,5,2,ID07,8.850076675415039,0.5,1.0,0.5,1.0,1.0,1.0,1.0,0.5,0.3333333333333333,0.8262346571285599,1.0,1.0,0.5,0.2,0.8262346571285599,1.0,1.0,0.5,0.1,0.8262346571285599,1.0,1.0,1.0
C. Dense + cross-encoder reranker,How does kidney infection with flank pain and fever differ from a simple bladder infection?,distractor,20,5,2,ID06,2.780292510986328,0.5,1.0,0.5,1.0,1.0,1.0,1.0,0.5,0.3333333333333333,0.8262346571285599,1.0,1.0,0.5,0.2,0.8262346571285599,1.0,1.0,0.5,0.1,0.8262346571285599,1.0,1.0,1.0
C. Dense + cross-encoder reranker,Does a sore throat need a swab before antibiotics are given?,distractor,20,5,2,ID10,-7.7873077392578125,0.0,0.0,0.0,0.0,0.0,0.0,0.0,0.0,0.0,0.0,0.0,0.0,0.0,0.0,0.0,0.0,0.0,0.5,0.1,0.2388353776606868,1.0,1.0,0.1
C. Dense + cross-encoder reranker,Why is aspirin avoided for fever in children?,distractor,20,5,2,PF04,10.365629196166992,1.0,1.0,0.5,1.0,1.0,1.0,1.0,1.0,0.6666666666666666,1.0,1.0,1.0,1.0,0.4,1.0,1.0,1.0,1.0,0.2,1.0,1.0,1.0,1.0
C. Dense + cross-encoder reranker,Which vaccines cannot be given to someone who is immunocompromised?,distractor,20,5,2,VX05,5.483053207397461,1.0,1.0,0.5,1.0,1.0,1.0,1.0,1.0,0.6666666666666666,0.9639404333166532,1.0,1.0,1.0,0.4,0.9639404333166532,1.0,1.0,1.0,0.2,0.9639404333166532,1.0,1.0,1.0
C. Dense + cross-encoder reranker,What comes after a positive two-question depression pre-screen?,distractor,20,5,2,MH02,4.8166375160217285,1.0,1.0,0.5,1.0,1.0,1.0,1.0,0.5,0.3333333333333333,0.6131471927654584,1.0,1.0,1.0,0.4,0.8772153153380493,1.0,1.0,1.0,0.2,0.8772153153380493,1.0,1.0,1.0
C. Dense + cross-encoder reranker,What must be ruled out before starting an antidepressant?,distractor,20,5,2,MH07,5.144010543823242,1.0,1.0,0.5,1.0,1.0,1.0,1.0,1.0,0.6666666666666666,1.0,1.0,1.0,1.0,0.4,1.0,1.0,1.0,1.0,0.2,1.0,1.0,1.0,1.0
C. Dense + cross-encoder reranker,Which depression screening tool is designed for use around childbirth?,distractor,20,5,2,MH09,4.073727607727051,1.0,1.0,0.5,1.0,1.0,1.0,1.0,1.0,0.6666666666666666,1.0,1.0,1.0,1.0,0.4,1.0,1.0,1.0,1.0,0.2,1.0,1.0,1.0,1.0
C. Dense + cross-encoder reranker,Is exertional chest discomfort relieved by rest an acute coronary syndrome?,distractor,20,5,2,CV07,9.4071683883667,1.0,1.0,0.5,1.0,1.0,1.0,1.0,1.0,0.6666666666666666,0.9639404333166532,1.0,1.0,1.0,0.4,0.9639404333166532,1.0,1.0,1.0,0.2,0.9639404333166532,1.0,1.0,1.0
C. Dense + cross-encoder reranker,What is added when a maximum-dose statin still leaves LDL too high?,distractor,20,5,2,CV04,6.493706703186035,1.0,1.0,0.5,1.0,1.0,1.0,1.0,1.0,0.6666666666666666,1.0,1.0,1.0,1.0,0.4,1.0,1.0,1.0,1.0,0.2,1.0,1.0,1.0,1.0
C. Dense + cross-encoder reranker,Is a rise in creatinine after starting an ACE inhibitor a reason to stop it?,distractor,20,5,2,KD02,8.559447288513184,1.0,1.0,0.5,1.0,1.0,1.0,1.0,1.0,0.6666666666666666,1.0,1.0,1.0,1.0,0.4,1.0,1.0,1.0,1.0,0.2,1.0,1.0,1.0,1.0
C. Dense + cross-encoder reranker,When is treatment indicated for a raised TSH with a normal free T4?,distractor,20,5,2,TH05,8.158868789672852,1.0,1.0,0.5,1.0,1.0,1.0,1.0,1.0,0.6666666666666666,0.9639404333166532,1.0,1.0,1.0,0.4,0.9639404333166532,1.0,1.0,1.0,0.2,0.9639404333166532,1.0,1.0,1.0
C. Dense + cross-encoder reranker,Which beta blocker situations still justify their use in hypertension?,distractor,20,5,1,HT10,5.082797050476074,1.0,1.0,1.0,1.0,1.0,1.0,1.0,1.0,0.3333333333333333,1.0,1.0,1.0,1.0,0.2,1.0,1.0,1.0,1.0,0.1,1.0,1.0,1.0,1.0
C. Dense + cross-encoder reranker,What lifestyle changes lower blood pressure?,multi_doc,20,5,7,HT02,0.12210074812173843,0.2857142857142857,1.0,0.0,0.0,0.0,0.0,0.0,0.2857142857142857,0.6666666666666666,0.5307212739772436,1.0,1.0,0.2857142857142857,0.4,0.47054637065131494,1.0,1.0,0.42857142857142855,0.3,0.4745649736679947,1.0,1.0,0.5
C. Dense + cross-encoder reranker,Why does uncontrolled high blood pressure matter if I feel fine?,multi_doc,20,5,4,HT14,0.6527643203735352,0.25,1.0,0.25,1.0,1.0,1.0,1.0,0.25,0.3333333333333333,0.7262287617954056,1.0,1.0,0.25,0.2,0.6576630675781056,1.0,1.0,0.25,0.1,0.6576630675781056,1.0,1.0,1.0
C. Dense + cross-encoder reranker,What is the full set of routine annual screenings for a patient with diabetes?,multi_doc,20,5,4,DM12,-0.46587270498275757,0.75,1.0,0.25,1.0,1.0,1.0,1.0,0.5,0.6666666666666666,0.7039180890341348,1.0,1.0,0.75,0.6,0.8488398459141359,1.0,1.0,0.75,0.3,0.8488398459141359,1.0,1.0,1.0
C. Dense + cross-encoder reranker,How should a patient who screens positive for suicidal thoughts be handled?,multi_doc,20,5,2,MH04,2.9763407707214355,1.0,1.0,0.5,1.0,1.0,1.0,1.0,1.0,0.6666666666666666,0.9639404333166532,1.0,1.0,1.0,0.4,0.9639404333166532,1.0,1.0,1.0,0.2,0.9639404333166532,1.0,1.0,1.0
C. Dense + cross-encoder reranker,What should be done in the first hour for a patient with suspected sepsis?,multi_doc,20,5,2,ID10,7.80539083480835,1.0,1.0,0.5,1.0,1.0,1.0,1.0,1.0,0.6666666666666666,1.0,1.0,1.0,1.0,0.4,1.0,1.0,1.0,1.0,0.2,1.0,1.0,1.0,1.0
C. Dense + cross-encoder reranker,Which vaccines are recommended during pregnancy?,multi_doc,20,5,3,VX05,6.222428321838379,1.0,1.0,0.3333333333333333,1.0,0.3333333333333333,1.0,0.0,1.0,1.0,0.8213137146137828,1.0,1.0,1.0,0.6,0.8213137146137828,1.0,1.0,1.0,0.3,0.8213137146137828,1.0,1.0,1.0
C. Dense + cross-encoder reranker,What are the danger signs in pregnancy and what condition do they suggest?,multi_doc,20,5,2,PG10,-0.0145798921585083,1.0,1.0,0.0,0.0,0.0,0.0,0.0,1.0,0.6666666666666666,0.6934264036172708,1.0,1.0,1.0,0.4,0.6934264036172708,1.0,1.0,1.0,0.2,0.6934264036172708,1.0,1.0,0.5
C. Dense + cross-encoder reranker,How is stroke risk reduced after someone has already had one?,multi_doc,20,5,4,CV09,-4.465664863586426,0.75,1.0,0.25,1.0,0.3333333333333333,1.0,0.0,0.5,0.6666666666666666,0.6051906348295047,1.0,1.0,0.75,0.6,0.6328588242841113,1.0,1.0,1.0,0.4,0.7020153571441284,1.0,1.0,1.0
C. Dense + cross-encoder reranker,What monitoring is needed after starting an ACE inhibitor?,multi_doc,20,5,3,KD06,1.9941976070404053,1.0,1.0,0.3333333333333333,1.0,1.0,1.0,1.0,1.0,1.0,1.0,1.0,1.0,1.0,0.6,1.0,1.0,1.0,1.0,0.3,1.0,1.0,1.0,1.0
C. Dense + cross-encoder reranker,How is asthma control assessed and tracked over time?,multi_doc,20,5,3,AS01,7.136710166931152,0.6666666666666666,1.0,0.3333333333333333,1.0,1.0,1.0,1.0,0.3333333333333333,0.3333333333333333,0.5562983930884396,1.0,1.0,0.6666666666666666,0.4,0.6280335914305488,1.0,1.0,1.0,0.3,0.8035261954622924,1.0,1.0,1.0
D. Dense + lexical second-stage rerank (baseline),How is type 2 diabetes diagnosed?,direct,20,5,2,DM03,10.53218480896619,0.5,1.0,0.0,0.0,0.0,0.0,0.0,0.5,0.3333333333333333,0.52129602861432,1.0,1.0,0.5,0.2,0.52129602861432,1.0,1.0,1.0,0.2,0.6009078211678822,1.0,1.0,0.5
D. Dense + lexical second-stage rerank (baseline),What is the first-line medication for type 2 diabetes?,direct,20,5,2,DM04,16.168971601800287,0.5,1.0,0.5,1.0,1.0,1.0,1.0,0.5,0.3333333333333333,0.8262346571285599,1.0,1.0,0.5,0.2,0.8262346571285599,1.0,1.0,1.0,0.2,0.9058464496821221,1.0,1.0,1.0
D. Dense + lexical second-stage rerank (baseline),How often should an adult with diabetes have a retinal exam?,direct,20,5,1,DM11,15.54528523070826,1.0,1.0,1.0,1.0,1.0,1.0,1.0,1.0,0.3333333333333333,1.0,1.0,1.0,1.0,0.2,1.0,1.0,1.0,1.0,0.1,1.0,1.0,1.0,1.0
D. Dense + lexical second-stage rerank (baseline),What blood pressure range counts as stage 1 hypertension?,direct,20,5,2,HT01,14.822702720387081,1.0,1.0,0.5,1.0,1.0,1.0,1.0,1.0,0.6666666666666666,0.9639404333166532,1.0,1.0,1.0,0.4,0.9639404333166532,1.0,1.0,1.0,0.2,0.9639404333166532,1.0,1.0,1.0
D. Dense + lexical second-stage rerank (baseline),Which drug classes are used first-line for high blood pressure?,direct,20,5,5,CV02,10.559058787854495,0.2,1.0,0.0,0.0,0.0,0.0,0.0,0.2,0.3333333333333333,0.23463936301137825,1.0,1.0,0.2,0.2,0.18583510924552366,1.0,1.0,0.8,0.4,0.4562449357919198,1.0,1.0,0.3333333333333333
D. Dense + lexical second-stage rerank (baseline),What is the preferred long-term controller medication for persistent asthma?,direct,20,5,2,AS02,21.29718886073049,1.0,1.0,0.5,1.0,1.0,1.0,1.0,1.0,0.6666666666666666,1.0,1.0,1.0,1.0,0.4,1.0,1.0,1.0,1.0,0.2,1.0,1.0,1.0,1.0
D. Dense + lexical second-stage rerank (baseline),How does an asthma action plan work?,direct,20,5,2,AS07,10.512630935758024,0.5,1.0,0.5,1.0,1.0,1.0,1.0,0.5,0.3333333333333333,0.8262346571285599,1.0,1.0,0.5,0.2,0.8262346571285599,1.0,1.0,0.5,0.1,0.8262346571285599,1.0,1.0,1.0
D. Dense + lexical second-stage rerank (baseline),Should antibiotics be prescribed for an upper respiratory infection?,direct,20,5,1,ID01,11.55237171146926,1.0,1.0,1.0,1.0,1.0,1.0,1.0,1.0,0.3333333333333333,1.0,1.0,1.0,1.0,0.2,1.0,1.0,1.0,1.0,0.1,1.0,1.0,1.0,1.0
D. Dense + lexical second-stage rerank (baseline),How is uncomplicated cystitis treated in healthy women?,direct,20,5,1,ID05,20.434754064387963,1.0,1.0,1.0,1.0,1.0,1.0,1.0,1.0,0.3333333333333333,1.0,1.0,1.0,1.0,0.2,1.0,1.0,1.0,1.0,0.1,1.0,1.0,1.0,1.0
D. Dense + lexical second-stage rerank (baseline),What are the signs of sepsis?,direct,20,5,2,ID10,7.4087315264126605,1.0,1.0,0.5,1.0,0.3333333333333333,1.0,0.0,1.0,0.6666666666666666,0.6885288809404666,1.0,1.0,1.0,0.4,0.6885288809404666,1.0,1.0,1.0,0.2,0.6885288809404666,1.0,1.0,1.0
D. Dense + lexical second-stage rerank (baseline),What rectal temperature counts as a fever in an infant under three months?,direct,20,5,1,PF01,21.37843812382652,1.0,1.0,1.0,1.0,1.0,1.0,1.0,1.0,0.3333333333333333,1.0,1.0,1.0,1.0,0.2,1.0,1.0,1.0,1.0,0.1,1.0,1.0,1.0,1.0
D. Dense + lexical second-stage rerank (baseline),Which medicines are used to reduce fever in children?,direct,20,5,2,PF03,12.232248145502435,1.0,1.0,0.5,1.0,1.0,1.0,1.0,1.0,0.6666666666666666,1.0,1.0,1.0,1.0,0.4,1.0,1.0,1.0,1.0,0.2,1.0,1.0,1.0,1.0
D. Dense + lexical second-stage rerank (baseline),Who should receive an annual influenza vaccine?,direct,20,5,2,VX02,10.88483453655919,1.0,1.0,0.5,1.0,1.0,1.0,1.0,1.0,0.6666666666666666,1.0,1.0,1.0,1.0,0.4,1.0,1.0,1.0,1.0,0.2,1.0,1.0,1.0,1.0
D. Dense + lexical second-stage rerank (baseline),What screening questionnaire is used for depression in primary care?,direct,20,5,2,MH01,19.33678480021102,0.5,1.0,0.5,1.0,1.0,1.0,1.0,0.5,0.3333333333333333,0.8262346571285599,1.0,1.0,0.5,0.2,0.8262346571285599,1.0,1.0,0.5,0.1,0.8262346571285599,1.0,1.0,1.0
D. Dense + lexical second-stage rerank (baseline),Which tool screens for generalized anxiety symptoms?,direct,20,5,1,MH03,17.899146138710123,1.0,1.0,1.0,1.0,1.0,1.0,1.0,1.0,0.3333333333333333,1.0,1.0,1.0,1.0,0.2,1.0,1.0,1.0,1.0,0.1,1.0,1.0,1.0,1.0
D. Dense + lexical second-stage rerank (baseline),How frequently are prenatal visits scheduled in a low-risk pregnancy?,direct,20,5,1,PG01,17.210386441745168,1.0,1.0,1.0,1.0,1.0,1.0,1.0,1.0,0.3333333333333333,1.0,1.0,1.0,1.0,0.2,1.0,1.0,1.0,1.0,0.1,1.0,1.0,1.0,1.0
D. Dense + lexical second-stage rerank (baseline),When is screening for gestational diabetes performed?,direct,20,5,2,PG02,18.976002257422497,1.0,1.0,0.5,1.0,1.0,1.0,1.0,1.0,0.6666666666666666,1.0,1.0,1.0,1.0,0.4,1.0,1.0,1.0,1.0,0.2,1.0,1.0,1.0,1.0
D. Dense + lexical second-stage rerank (baseline),What does a lipid panel measure?,direct,20,5,1,CV01,11.840105360068968,1.0,1.0,1.0,1.0,1.0,1.0,1.0,1.0,0.3333333333333333,1.0,1.0,1.0,1.0,0.2,1.0,1.0,1.0,1.0,0.1,1.0,1.0,1.0,1.0
D. Dense + lexical second-stage rerank (baseline),Which drug class is first-line for lowering LDL cholesterol?,direct,20,5,2,CV02,24.93885280171518,0.5,1.0,0.5,1.0,1.0,1.0,1.0,0.5,0.3333333333333333,0.8262346571285599,1.0,1.0,0.5,0.2,0.8262346571285599,1.0,1.0,1.0,0.2,0.9243382314975351,1.0,1.0,1.0
D. Dense + lexical second-stage rerank (baseline),How can the public recognize the symptoms of a stroke?,direct,20,5,1,ST01,16.15562696494593,1.0,1.0,1.0,1.0,1.0,1.0,1.0,1.0,0.3333333333333333,1.0,1.0,1.0,1.0,0.2,1.0,1.0,1.0,1.0,0.1,1.0,1.0,1.0,1.0
D. Dense + lexical second-stage rerank (baseline),How is chronic kidney disease staged?,direct,20,5,1,KD01,12.578361245498966,1.0,1.0,1.0,1.0,1.0,1.0,1.0,1.0,0.3333333333333333,1.0,1.0,1.0,1.0,0.2,1.0,1.0,1.0,1.0,0.1,1.0,1.0,1.0,1.0
D. Dense + lexical second-stage rerank (baseline),Which blood test screens for an underactive thyroid?,direct,20,5,2,MH03,5.529202035328435,1.0,1.0,0.0,0.0,0.0,0.0,0.0,0.5,0.3333333333333333,0.17376534287144002,1.0,0.0,1.0,0.4,0.4933965394160924,1.0,1.0,1.0,0.2,0.4933965394160924,1.0,1.0,0.5
D. Dense + lexical second-stage rerank (baseline),How much aerobic physical activity is recommended for adults each week?,direct,20,5,2,LS03,15.247992542347152,1.0,1.0,0.5,1.0,0.3333333333333333,1.0,0.0,1.0,0.6666666666666666,0.7967075809905066,1.0,1.0,1.0,0.4,0.7967075809905066,1.0,1.0,1.0,0.2,0.7967075809905066,1.0,1.0,1.0
D. Dense + lexical second-stage rerank (baseline),Does counseling combined with medication improve smoking cessation rates?,direct,20,5,1,LS04,8.516526529468031,1.0,1.0,1.0,1.0,1.0,1.0,1.0,1.0,0.3333333333333333,1.0,1.0,1.0,1.0,0.2,1.0,1.0,1.0,1.0,0.1,1.0,1.0,1.0,1.0
D. Dense + lexical second-stage rerank (baseline),What is the recommended time window for intravenous thrombolysis in ischemic stroke?,direct,20,5,2,ST02,19.146901272190476,0.5,1.0,0.5,1.0,1.0,1.0,1.0,0.5,0.3333333333333333,0.8262346571285599,1.0,1.0,0.5,0.2,0.8262346571285599,1.0,1.0,1.0,0.2,0.9180385079206221,1.0,1.0,1.0
D. Dense + lexical second-stage rerank (baseline),How is severe hypoglycemia with loss of consciousness treated?,direct,20,5,2,DM10,17.529132462772584,1.0,1.0,0.5,1.0,1.0,1.0,1.0,1.0,0.6666666666666666,0.9639404333166532,1.0,1.0,1.0,0.4,0.9639404333166532,1.0,1.0,1.0,0.2,0.9639404333166532,1.0,1.0,1.0
D. Dense + lexical second-stage rerank (baseline),What is resistant hypertension and how is it evaluated?,direct,20,5,1,HT13,7.191340414891162,1.0,1.0,1.0,1.0,1.0,1.0,1.0,1.0,0.3333333333333333,1.0,1.0,1.0,1.0,0.2,1.0,1.0,1.0,1.0,0.1,1.0,1.0,1.0,1.0
D. Dense + lexical second-stage rerank (baseline),How is a severe asthma exacerbation managed?,direct,20,5,1,AS10,9.796035784355254,1.0,1.0,1.0,1.0,1.0,1.0,1.0,1.0,0.3333333333333333,1.0,1.0,1.0,1.0,0.2,1.0,1.0,1.0,1.0,0.1,1.0,1.0,1.0,1.0
D. Dense + lexical second-stage rerank (baseline),What are the four foundational drug classes for heart failure with reduced ejection fraction?,direct,20,5,2,CV11,31.334017911315655,1.0,1.0,0.5,1.0,1.0,1.0,1.0,1.0,0.6666666666666666,1.0,1.0,1.0,1.0,0.4,1.0,1.0,1.0,1.0,0.2,1.0,1.0,1.0,1.0
D. Dense + lexical second-stage rerank (baseline),When should dialysis be started in chronic kidney disease?,direct,20,5,1,KD03,16.123904563270013,1.0,1.0,0.0,0.0,0.0,0.0,0.0,1.0,0.3333333333333333,0.6309297535714574,1.0,1.0,1.0,0.2,0.6309297535714574,1.0,1.0,1.0,0.1,0.6309297535714574,1.0,1.0,0.5
D. Dense + lexical second-stage rerank (baseline),My sugar levels run high in the morning even before I eat anything. What test confirms it?,paraphrase,20,5,2,HT11,7.1358734878687535,0.0,0.0,0.0,0.0,0.0,0.0,0.0,0.0,0.0,0.0,0.0,0.0,0.0,0.0,0.0,0.0,0.0,1.0,0.2,0.38119339454264556,1.0,1.0,0.16666666666666666
D. Dense + lexical second-stage rerank (baseline),What is the rule for treating a low sugar episode with juice?,paraphrase,20,5,2,DM09,10.406851575504902,0.5,1.0,0.5,1.0,1.0,1.0,1.0,0.5,0.3333333333333333,0.8262346571285599,1.0,1.0,0.5,0.2,0.8262346571285599,1.0,1.0,0.5,0.1,0.8262346571285599,1.0,1.0,1.0
D. Dense + lexical second-stage rerank (baseline),Which water pill is used to bring blood pressure down?,paraphrase,20,5,1,HT06,10.081378003262937,1.0,1.0,1.0,1.0,1.0,1.0,1.0,1.0,0.3333333333333333,1.0,1.0,1.0,1.0,0.2,1.0,1.0,1.0,1.0,0.1,1.0,1.0,1.0,1.0
D. Dense + lexical second-stage rerank (baseline),My blood pressure tablet gives me a constant dry tickly cough. What can I switch to?,paraphrase,20,5,2,HT07,17.911012241546825,1.0,1.0,0.5,1.0,1.0,1.0,1.0,1.0,0.6666666666666666,1.0,1.0,1.0,1.0,0.4,1.0,1.0,1.0,1.0,0.2,1.0,1.0,1.0,1.0
D. Dense + lexical second-stage rerank (baseline),Why do my ankles swell up since starting the pill for my blood pressure?,paraphrase,20,5,1,HT14,8.190116056209384,0.0,0.0,0.0,0.0,0.0,0.0,0.0,0.0,0.0,0.0,0.0,0.0,0.0,0.0,0.0,0.0,0.0,0.0,0.0,0.0,0.0,0.0,0.0
D. Dense + lexical second-stage rerank (baseline),Which puffer do I grab when I suddenly cannot catch my breath?,paraphrase,20,5,2,HT07,8.512230674675102,0.5,1.0,0.0,0.0,0.0,0.0,0.0,0.5,0.3333333333333333,0.41311732856427996,1.0,1.0,0.5,0.2,0.41311732856427996,1.0,1.0,0.5,0.1,0.41311732856427996,1.0,1.0,0.3333333333333333
D. Dense + lexical second-stage rerank (baseline),Is there a plastic tube thing that helps the medicine get into the lungs properly?,paraphrase,20,5,1,AS11,3.728286536355255,0.0,0.0,0.0,0.0,0.0,0.0,0.0,0.0,0.0,0.0,0.0,0.0,0.0,0.0,0.0,0.0,0.0,0.0,0.0,0.0,0.0,0.0,0.0
D. Dense + lexical second-stage rerank (baseline),I get wheezy whenever I go running. What do I take beforehand?,paraphrase,20,5,2,AS09,0.0,1.0,1.0,0.5,1.0,1.0,1.0,1.0,0.5,0.3333333333333333,0.8262346571285599,1.0,1.0,1.0,0.4,0.944847956559586,1.0,1.0,1.0,0.2,0.944847956559586,1.0,1.0,1.0
D. Dense + lexical second-stage rerank (baseline),Should I keep taking the pills after the infection feels better?,paraphrase,20,5,2,HT06,9.05492492802403,0.0,0.0,0.0,0.0,0.0,0.0,0.0,0.0,0.0,0.0,0.0,0.0,0.0,0.0,0.0,0.0,0.0,0.5,0.1,0.26064801430716,1.0,1.0,0.125
D. Dense + lexical second-stage rerank (baseline),I got terrible watery diarrhea a couple of weeks after taking antibiotics.,paraphrase,20,5,1,ID12,13.372399702681422,1.0,1.0,1.0,1.0,1.0,1.0,1.0,1.0,0.3333333333333333,1.0,1.0,1.0,1.0,0.2,1.0,1.0,1.0,1.0,0.1,1.0,1.0,1.0,1.0
D. Dense + lexical second-stage rerank (baseline),Is the baby aspirin worth taking to prevent a first heart attack if I am healthy?,paraphrase,20,5,2,CV02,10.758113838660599,0.5,1.0,0.0,0.0,0.0,0.0,0.0,0.0,0.0,0.0,0.0,0.0,0.5,0.2,0.35583989829307827,1.0,1.0,0.5,0.1,0.35583989829307827,1.0,1.0,0.25
D. Dense + lexical second-stage rerank (baseline),I need a blood thinner because my heart beats irregularly. Which kind?,paraphrase,20,5,1,HT07,7.417612590627414,0.0,0.0,0.0,0.0,0.0,0.0,0.0,0.0,0.0,0.0,0.0,0.0,0.0,0.0,0.0,0.0,0.0,0.0,0.0,0.0,0.0,0.0,0.0
D. Dense + lexical second-stage rerank (baseline),My legs ache since I started the cholesterol tablet. Do I have to stop it?,paraphrase,20,5,1,HT07,9.772587325615712,0.0,0.0,0.0,0.0,0.0,0.0,0.0,0.0,0.0,0.0,0.0,0.0,0.0,0.0,0.0,0.0,0.0,0.0,0.0,0.0,0.0,0.0,0.0
D. Dense + lexical second-stage rerank (baseline),"I am always cold, tired, and constipated and my skin is dry. What should be checked?",paraphrase,20,5,1,TH01,13.523444778355728,1.0,1.0,1.0,1.0,1.0,1.0,1.0,1.0,0.3333333333333333,1.0,1.0,1.0,1.0,0.2,1.0,1.0,1.0,1.0,0.1,1.0,1.0,1.0,1.0
D. Dense + lexical second-stage rerank (baseline),How long after changing my thyroid tablet dose should the blood test be repeated?,paraphrase,20,5,1,TH02,8.186539627823967,1.0,1.0,1.0,1.0,1.0,1.0,1.0,1.0,0.3333333333333333,1.0,1.0,1.0,1.0,0.2,1.0,1.0,1.0,1.0,0.1,1.0,1.0,1.0,1.0
D. Dense + lexical second-stage rerank (baseline),Weakness on one side of the face and slurred words came on suddenly. What do I do?,paraphrase,20,5,2,ST01,10.498884338546235,0.5,1.0,0.5,1.0,1.0,1.0,1.0,0.5,0.3333333333333333,0.8262346571285599,1.0,1.0,0.5,0.2,0.8262346571285599,1.0,1.0,0.5,0.1,0.8262346571285599,1.0,1.0,1.0
D. Dense + lexical second-stage rerank (baseline),"The symptoms went away completely after half an hour, so is it still worth being seen?",paraphrase,20,5,1,ST04,14.447339441880237,1.0,1.0,1.0,1.0,1.0,1.0,1.0,1.0,0.3333333333333333,1.0,1.0,1.0,1.0,0.2,1.0,1.0,1.0,1.0,0.1,1.0,1.0,1.0,1.0
D. Dense + lexical second-stage rerank (baseline),How much salt is too much if my pressure is up?,paraphrase,20,5,2,HT04,6.4018775649459885,0.5,1.0,0.0,0.0,0.0,0.0,0.0,0.0,0.0,0.0,0.0,0.0,0.5,0.2,0.26406812257259094,1.0,1.0,0.5,0.1,0.26406812257259094,1.0,1.0,0.25
D. Dense + lexical second-stage rerank (baseline),Do I need to lose all the extra weight to get any benefit?,paraphrase,20,5,1,PG09,6.557317001674656,1.0,1.0,0.0,0.0,0.0,0.0,0.0,1.0,0.3333333333333333,0.6309297535714574,1.0,1.0,1.0,0.2,0.6309297535714574,1.0,1.0,1.0,0.1,0.6309297535714574,1.0,1.0,0.5
D. Dense + lexical second-stage rerank (baseline),My toddler is burning up but is playing happily. How worried should I be?,paraphrase,20,5,2,ID02,5.704166521926666,0.0,0.0,0.0,0.0,0.0,0.0,0.0,0.0,0.0,0.0,0.0,0.0,0.0,0.0,0.0,0.0,0.0,0.0,0.0,0.0,0.0,0.0,0.0
D. Dense + lexical second-stage rerank (baseline),The baby got a temperature the day after her shots. Is that expected?,paraphrase,20,5,2,PF07,6.105566951011655,0.5,1.0,0.0,0.0,0.0,0.0,0.0,0.0,0.0,0.0,0.0,0.0,0.5,0.2,0.26406812257259094,1.0,1.0,1.0,0.2,0.48247555939075515,1.0,1.0,0.25
D. Dense + lexical second-stage rerank (baseline),My child missed several vaccine doses. Do we have to start the whole series again?,paraphrase,20,5,1,VX03,18.490439111665307,1.0,1.0,1.0,1.0,1.0,1.0,1.0,1.0,0.3333333333333333,1.0,1.0,1.0,1.0,0.2,1.0,1.0,1.0,1.0,0.1,1.0,1.0,1.0,1.0
D. Dense + lexical second-stage rerank (baseline),What vitamin should I take before trying to conceive to protect the baby's spine?,paraphrase,20,5,1,VX08,11.607718200104744,1.0,1.0,0.0,0.0,0.0,0.0,0.0,1.0,0.3333333333333333,0.6309297535714574,1.0,1.0,1.0,0.2,0.6309297535714574,1.0,1.0,1.0,0.1,0.6309297535714574,1.0,1.0,0.5
D. Dense + lexical second-stage rerank (baseline),I am short of breath lying flat and my ankles are swollen in the evening.,paraphrase,20,5,2,CV10,8.497126800248289,0.5,1.0,0.5,1.0,1.0,1.0,1.0,0.5,0.3333333333333333,0.8262346571285599,1.0,1.0,0.5,0.2,0.8262346571285599,1.0,1.0,0.5,0.1,0.8262346571285599,1.0,1.0,1.0
D. Dense + lexical second-stage rerank (baseline),Are painkillers like ibuprofen safe if my kidney function is reduced?,paraphrase,20,5,1,DM08,10.515240411941095,0.0,0.0,0.0,0.0,0.0,0.0,0.0,0.0,0.0,0.0,0.0,0.0,0.0,0.0,0.0,0.0,0.0,1.0,0.1,0.3010299956639812,1.0,1.0,0.1111111111111111
D. Dense + lexical second-stage rerank (baseline),What is first-line treatment for type 1 diabetes?,distractor,20,5,2,DM05,15.822002292770334,1.0,1.0,0.5,1.0,1.0,1.0,1.0,1.0,0.6666666666666666,0.9639404333166532,1.0,1.0,1.0,0.4,0.9639404333166532,1.0,1.0,1.0,0.2,0.9639404333166532,1.0,1.0,1.0
D. Dense + lexical second-stage rerank (baseline),What should be added when metformin alone is not enough?,distractor,20,5,2,DM06,12.914148727371067,0.5,1.0,0.5,1.0,1.0,1.0,1.0,0.5,0.3333333333333333,0.8262346571285599,1.0,1.0,0.5,0.2,0.8262346571285599,1.0,1.0,1.0,0.2,0.9180385079206221,1.0,1.0,1.0
D. Dense + lexical second-stage rerank (baseline),Which glucose-lowering drug is preferred during pregnancy?,distractor,20,5,2,DM07,13.150386799299547,1.0,1.0,0.5,1.0,1.0,1.0,1.0,0.5,0.3333333333333333,0.8262346571285599,1.0,1.0,1.0,0.4,0.9327783893101107,1.0,1.0,1.0,0.2,0.9327783893101107,1.0,1.0,1.0
D. Dense + lexical second-stage rerank (baseline),Which blood pressure medications must be stopped in pregnancy?,distractor,20,5,1,HT08,6.943244873220989,0.0,0.0,0.0,0.0,0.0,0.0,0.0,0.0,0.0,0.0,0.0,0.0,0.0,0.0,0.0,0.0,0.0,1.0,0.1,0.3333333333333333,1.0,1.0,0.14285714285714285
D. Dense + lexical second-stage rerank (baseline),Is a reading over 180/120 with chest pain an emergency or an urgency?,distractor,20,5,2,HT03,20.3856558618899,0.5,1.0,0.5,1.0,1.0,1.0,1.0,0.5,0.3333333333333333,0.8262346571285599,1.0,1.0,0.5,0.2,0.8262346571285599,1.0,1.0,0.5,0.1,0.8262346571285599,1.0,1.0,1.0
D. Dense + lexical second-stage rerank (baseline),Can a long-acting beta agonist be used on its own for asthma?,distractor,20,5,2,AS04,23.439039645904337,0.5,1.0,0.5,1.0,1.0,1.0,1.0,0.5,0.3333333333333333,0.8262346571285599,1.0,1.0,0.5,0.2,0.8262346571285599,1.0,1.0,1.0,0.2,0.9243382314975351,1.0,1.0,1.0
D. Dense + lexical second-stage rerank (baseline),How do I tell whether persistent breathlessness is COPD rather than asthma?,distractor,20,5,2,AS02,9.436728560160756,1.0,1.0,0.0,0.0,0.0,0.0,0.0,0.5,0.3333333333333333,0.41311732856427996,1.0,1.0,1.0,0.4,0.5196610607458307,1.0,1.0,1.0,0.2,0.5196610607458307,1.0,1.0,0.3333333333333333
D. Dense + lexical second-stage rerank (baseline),Should bacteria found in the urine of a patient with no symptoms be treated?,distractor,20,5,2,ID07,19.877999719537215,0.5,1.0,0.5,1.0,1.0,1.0,1.0,0.5,0.3333333333333333,0.8262346571285599,1.0,1.0,0.5,0.2,0.8262346571285599,1.0,1.0,1.0,0.2,0.9180385079206221,1.0,1.0,1.0
D. Dense + lexical second-stage rerank (baseline),How does kidney infection with flank pain and fever differ from a simple bladder infection?,distractor,20,5,2,ID06,16.82368831102729,0.5,1.0,0.5,1.0,1.0,1.0,1.0,0.5,0.3333333333333333,0.8262346571285599,1.0,1.0,0.5,0.2,0.8262346571285599,1.0,1.0,0.5,0.1,0.8262346571285599,1.0,1.0,1.0
D. Dense + lexical second-stage rerank (baseline),Does a sore throat need a swab before antibiotics are given?,distractor,20,5,2,ID10,9.5452577361632,0.0,0.0,0.0,0.0,0.0,0.0,0.0,0.0,0.0,0.0,0.0,0.0,0.0,0.0,0.0,0.0,0.0,0.5,0.1,0.2943107231069255,1.0,1.0,0.16666666666666666
D. Dense + lexical second-stage rerank (baseline),Why is aspirin avoided for fever in children?,distractor,20,5,2,PF04,16.66384481115418,1.0,1.0,0.5,1.0,1.0,1.0,1.0,1.0,0.6666666666666666,1.0,1.0,1.0,1.0,0.4,1.0,1.0,1.0,1.0,0.2,1.0,1.0,1.0,1.0
D. Dense + lexical second-stage rerank (baseline),Which vaccines cannot be given to someone who is immunocompromised?,distractor,20,5,2,VX05,10.510476783171859,0.5,1.0,0.5,1.0,1.0,1.0,1.0,0.5,0.3333333333333333,0.8262346571285599,1.0,1.0,0.5,0.2,0.8262346571285599,1.0,1.0,1.0,0.2,0.9180385079206221,1.0,1.0,1.0
D. Dense + lexical second-stage rerank (baseline),What comes after a positive two-question depression pre-screen?,distractor,20,5,2,MH02,13.44696729773584,1.0,1.0,0.5,1.0,1.0,1.0,1.0,0.5,0.3333333333333333,0.6131471927654584,1.0,1.0,1.0,0.4,0.8772153153380493,1.0,1.0,1.0,0.2,0.8772153153380493,1.0,1.0,1.0
D. Dense + lexical second-stage rerank (baseline),What must be ruled out before starting an antidepressant?,distractor,20,5,2,MH07,14.216253768053498,0.5,1.0,0.5,1.0,1.0,1.0,1.0,0.5,0.3333333333333333,0.8262346571285599,1.0,1.0,0.5,0.2,0.8262346571285599,1.0,1.0,1.0,0.2,0.9243382314975351,1.0,1.0,1.0
D. Dense + lexical second-stage rerank (baseline),Which depression screening tool is designed for use around childbirth?,distractor,20,5,2,MH09,6.283122864183536,0.5,1.0,0.5,1.0,1.0,1.0,1.0,0.5,0.3333333333333333,0.8262346571285599,1.0,1.0,0.5,0.2,0.8262346571285599,1.0,1.0,1.0,0.2,0.9180385079206221,1.0,1.0,1.0
D. Dense + lexical second-stage rerank (baseline),Is exertional chest discomfort relieved by rest an acute coronary syndrome?,distractor,20,5,2,CV07,38.63888759666557,0.5,1.0,0.5,1.0,1.0,1.0,1.0,0.5,0.3333333333333333,0.8262346571285599,1.0,1.0,0.5,0.2,0.8262346571285599,1.0,1.0,1.0,0.2,0.91311732856428,1.0,1.0,1.0
D. Dense + lexical second-stage rerank (baseline),What is added when a maximum-dose statin still leaves LDL too high?,distractor,20,5,2,CV04,23.127598275250953,0.5,1.0,0.5,1.0,1.0,1.0,1.0,0.5,0.3333333333333333,0.8262346571285599,1.0,1.0,0.5,0.2,0.8262346571285599,1.0,1.0,1.0,0.2,0.9243382314975351,1.0,1.0,1.0
D. Dense + lexical second-stage rerank (baseline),Is a rise in creatinine after starting an ACE inhibitor a reason to stop it?,distractor,20,5,2,KD02,26.992394366252512,1.0,1.0,0.5,1.0,1.0,1.0,1.0,1.0,0.6666666666666666,1.0,1.0,1.0,1.0,0.4,1.0,1.0,1.0,1.0,0.2,1.0,1.0,1.0,1.0
D. Dense + lexical second-stage rerank (baseline),When is treatment indicated for a raised TSH with a normal free T4?,distractor,20,5,2,TH05,25.87238453733024,1.0,1.0,0.5,1.0,1.0,1.0,1.0,1.0,0.6666666666666666,1.0,1.0,1.0,1.0,0.4,1.0,1.0,1.0,1.0,0.2,1.0,1.0,1.0,1.0
D. Dense + lexical second-stage rerank (baseline),Which beta blocker situations still justify their use in hypertension?,distractor,20,5,1,HT14,6.383133456686003,1.0,1.0,0.0,0.0,0.0,0.0,0.0,1.0,0.3333333333333333,0.5,1.0,1.0,1.0,0.2,0.5,1.0,1.0,1.0,0.1,0.5,1.0,1.0,0.3333333333333333
D. Dense + lexical second-stage rerank (baseline),What lifestyle changes lower blood pressure?,multi_doc,20,5,7,HT07,8.181485123788283,0.14285714285714285,1.0,0.0,0.0,0.0,0.0,0.0,0.14285714285714285,0.3333333333333333,0.23463936301137825,1.0,1.0,0.14285714285714285,0.2,0.20803518926146267,1.0,1.0,0.2857142857142857,0.2,0.23496712443777498,1.0,1.0,0.3333333333333333
D. Dense + lexical second-stage rerank (baseline),Why does uncontrolled high blood pressure matter if I feel fine?,multi_doc,20,5,4,HT07,8.670431691719255,0.25,1.0,0.0,0.0,0.0,0.0,0.0,0.25,0.3333333333333333,0.45819933371607996,1.0,1.0,0.25,0.2,0.41493919716010286,1.0,1.0,0.25,0.1,0.41493919716010286,1.0,1.0,0.5
D. Dense + lexical second-stage rerank (baseline),What is the full set of routine annual screenings for a patient with diabetes?,multi_doc,20,5,4,PG02,6.759562794787688,0.0,0.0,0.0,0.0,0.0,0.0,0.0,0.0,0.0,0.0,0.0,0.0,0.0,0.0,0.0,0.0,0.0,0.25,0.1,0.13235062810828055,1.0,1.0,0.1111111111111111
D. Dense + lexical second-stage rerank (baseline),How should a patient who screens positive for suicidal thoughts be handled?,multi_doc,20,5,2,MH04,7.399743510468331,0.5,1.0,0.5,1.0,1.0,1.0,1.0,0.5,0.3333333333333333,0.8262346571285599,1.0,1.0,0.5,0.2,0.8262346571285599,1.0,1.0,0.5,0.1,0.8262346571285599,1.0,1.0,1.0
D. Dense + lexical second-stage rerank (baseline),What should be done in the first hour for a patient with suspected sepsis?,multi_doc,20,5,2,ID10,18.06452363179556,1.0,1.0,0.5,1.0,1.0,1.0,1.0,1.0,0.6666666666666666,1.0,1.0,1.0,1.0,0.4,1.0,1.0,1.0,1.0,0.2,1.0,1.0,1.0,1.0
D. Dense + lexical second-stage rerank (baseline),Which vaccines are recommended during pregnancy?,multi_doc,20,5,3,VX05,11.441897166702985,0.6666666666666666,1.0,0.3333333333333333,1.0,0.3333333333333333,1.0,0.0,0.3333333333333333,0.3333333333333333,0.24207625393180188,1.0,0.0,0.6666666666666666,0.4,0.5548459574357494,1.0,1.0,1.0,0.3,0.6312125130550961,1.0,1.0,1.0
D. Dense + lexical second-stage rerank (baseline),What are the danger signs in pregnancy and what condition do they suggest?,multi_doc,20,5,2,PG07,10.602422773342496,0.0,0.0,0.0,0.0,0.0,0.0,0.0,0.0,0.0,0.0,0.0,0.0,0.0,0.0,0.0,0.0,0.0,0.0,0.0,0.0,0.0,0.0,0.0
D. Dense + lexical second-stage rerank (baseline),How is stroke risk reduced after someone has already had one?,multi_doc,20,5,4,CV08,6.637085219075827,0.5,0.0,0.25,1.0,0.3333333333333333,1.0,0.0,0.25,0.3333333333333333,0.24207625393180188,1.0,0.0,0.5,0.4,0.31363437796487775,1.0,0.0,1.0,0.4,0.6209723635070529,1.0,1.0,1.0
D. Dense + lexical second-stage rerank (baseline),What monitoring is needed after starting an ACE inhibitor?,multi_doc,20,5,3,KD06,14.234583597158199,0.6666666666666666,1.0,0.3333333333333333,1.0,1.0,1.0,1.0,0.6666666666666666,0.6666666666666666,0.8472668887613066,1.0,1.0,0.6666666666666666,0.4,0.8472668887613066,1.0,1.0,0.6666666666666666,0.2,0.8472668887613066,1.0,1.0,1.0
D. Dense + lexical second-stage rerank (baseline),How is asthma control assessed and tracked over time?,multi_doc,20,5,3,AS01,15.98531166191443,0.3333333333333333,1.0,0.3333333333333333,1.0,1.0,1.0,1.0,0.3333333333333333,0.3333333333333333,0.5562983930884396,1.0,1.0,0.3333333333333333,0.2,0.5562983930884396,1.0,1.0,0.3333333333333333,0.1,0.5562983930884396,1.0,1.0,1.0
